Date,Open,High,Low,Close,Adj Close
2019-09-30,9.11,9.21,9.1,9.16,7.847744
2019-10-01,9.19,9.24,8.87,8.9,7.624991
2019-10-02,8.85,8.86,8.44,8.61,7.376537
2019-10-03,8.55,8.71,8.45,8.71,7.462211
2019-10-04,8.72,8.76,8.66,8.74,7.487914
2019-10-07,8.7,8.79,8.61,8.68,7.436509
2019-10-08,8.65,8.66,8.5,8.54,7.316566
2019-10-09,8.61,8.64,8.56,8.56,7.333702
2019-10-10,8.58,8.65,8.52,8.62,7.385105
2019-10-11,8.73,8.87,8.73,8.78,7.522183
2019-10-14,8.82,8.84,8.76,8.82,7.556452
2019-10-15,8.84,9.1,8.78,9.07,7.770638
2019-10-16,9.11,9.19,9.06,9.07,7.770638
2019-10-17,9.12,9.14,9.03,9.11,7.804908
2019-10-18,9.09,9.32,9.09,9.29,7.959122
2019-10-21,9.19,9.24,9.01,9.03,7.863333
2019-10-22,9.01,9.14,8.96,9.07,7.898166
2019-10-23,9.01,9.21,8.97,9.21,8.020078
2019-10-24,8.87,8.89,8.55,8.6,7.488889
2019-10-25,8.67,8.75,8.62,8.72,7.593385
2019-10-28,8.76,8.76,8.58,8.61,7.497596
2019-10-29,8.59,8.71,8.59,8.64,7.523721
2019-10-30,8.64,8.64,8.52,8.54,7.436641
2019-10-31,8.58,8.6,8.5,8.59,7.480182
2019-11-01,8.64,8.93,8.64,8.89,7.741422
2019-11-04,8.93,9.05,8.93,9,7.83721
2019-11-05,9.02,9.15,9,9.02,7.854626
2019-11-06,9.05,9.05,8.89,8.92,7.767545
2019-11-07,8.96,9.01,8.88,8.89,7.741422
2019-11-08,8.9,9.04,8.82,9.04,7.872041
2019-11-11,8.95,9.1,8.94,9.08,7.906872
2019-11-12,9.06,9.13,9.04,9.04,7.872041
2019-11-13,9,9,8.8,8.81,7.671757
2019-11-14,8.85,8.91,8.78,8.79,7.654342
2019-11-15,8.85,8.96,8.85,8.95,7.793669
2019-11-18,9.05,9.05,8.89,8.95,7.793669
2019-11-19,8.99,9,8.87,8.9,7.750128
2019-11-20,8.88,8.89,8.68,8.73,7.602092
2019-11-21,8.77,8.79,8.67,8.71,7.584676
2019-11-22,8.8,8.9,8.77,8.89,7.741422
2019-11-25,8.9,9.01,8.87,9,7.83721
2019-11-26,8.98,9.02,8.91,9.01,7.845918
2019-11-27,9.03,9.15,9.02,9.1,7.924289
2019-11-29,9.04,9.1,9.03,9.06,7.889458
2019-12-02,9.08,9.14,9,9.01,7.845918
2019-12-03,8.95,8.95,8.8,8.89,7.741422
2019-12-04,8.95,9.03,8.94,8.95,7.793669
2019-12-05,8.97,9,8.88,8.93,7.776253
2019-12-06,8.96,9.07,8.95,9.02,7.854626
2019-12-09,8.97,9.07,8.96,9.01,7.845918
2019-12-10,9.02,9.1,8.96,9.07,7.898166
2019-12-11,9.06,9.14,9.06,9.11,7.932998
2019-12-12,9.11,9.36,9.11,9.32,8.115866
2019-12-13,9.32,9.39,9.19,9.23,8.037494
2019-12-16,9.24,9.39,9.22,9.39,8.176822
2019-12-17,9.38,9.41,9.31,9.39,8.176822
2019-12-18,9.39,9.57,9.36,9.54,8.307443
2019-12-19,9.55,9.57,9.38,9.41,8.194238
2019-12-20,9.5,9.54,9.44,9.48,8.255193
2019-12-23,9.5,9.57,9.4,9.44,8.220363
2019-12-24,9.44,9.49,9.43,9.47,8.246487
2019-12-26,9.47,9.49,9.43,9.45,8.22907
2019-12-27,9.45,9.46,9.35,9.36,8.150697
2019-12-30,9.34,9.35,9.23,9.25,8.054909
2019-12-31,9.25,9.33,9.25,9.3,8.09845
2020-01-02,9.29,9.42,9.19,9.42,8.202947
2020-01-03,9.31,9.37,9.15,9.21,8.020078
2020-01-06,9.1,9.17,9.06,9.16,7.976537
2020-01-07,9.2,9.25,9.12,9.25,8.054909
2020-01-08,9.23,9.3,9.17,9.25,8.054909
2020-01-09,9.3,9.31,9.18,9.26,8.063617
2020-01-10,9.27,9.36,9.25,9.25,8.054909
2020-01-13,9.25,9.26,9.11,9.24,8.046201
2020-01-14,9.22,9.33,9.21,9.29,8.089743
2020-01-15,9.27,9.3,9.18,9.19,8.00266
2020-01-16,9.23,9.28,9.15,9.17,7.985245
2020-01-17,9.19,9.23,9.13,9.16,7.976537
2020-01-21,9.15,9.22,9.1,9.21,8.020078
2020-01-22,9.22,9.25,9.15,9.16,7.976537
2020-01-23,9.14,9.16,8.93,9.14,7.959121
2020-01-24,9.11,9.12,8.96,9,7.83721
2020-01-27,8.88,8.96,8.78,8.89,7.741422
2020-01-28,8.94,9,8.86,8.97,7.811085
2020-01-29,8.85,8.96,8.84,8.86,7.846509
2020-01-30,8.81,8.84,8.73,8.84,7.828798
2020-01-31,8.78,8.84,8.74,8.82,7.811085
2020-02-03,8.85,9.14,8.85,8.98,7.952783
2020-02-04,9.08,9.24,9.07,9.18,8.129906
2020-02-05,8.41,8.48,8.26,8.31,7.359424
2020-02-06,8.37,8.38,8.25,8.25,7.306286
2020-02-07,8.21,8.21,8.02,8.11,7.182302
2020-02-10,8.15,8.15,8.05,8.06,7.138021
2020-02-11,8.1,8.15,8.08,8.1,7.173446
2020-02-12,8.14,8.33,8.13,8.24,7.297431
2020-02-13,8.21,8.36,8.21,8.25,7.306286
2020-02-14,8.27,8.27,8.08,8.1,7.173446
2020-02-18,8.12,8.15,8.02,8.06,7.138021
2020-02-19,8.06,8.1,8,8,7.084884
2020-02-20,8,8.07,7.99,8.03,7.111453
2020-02-21,8.02,8.03,7.89,7.89,6.987467
2020-02-24,7.7,7.72,7.55,7.57,6.704072
2020-02-25,7.68,7.68,7.22,7.23,6.402965
2020-02-26,7.3,7.46,7.21,7.21,6.385252
2020-02-27,7.13,7.28,6.92,6.97,6.172706
2020-02-28,6.84,6.96,6.67,6.96,6.16385
2020-03-02,7.11,7.23,6.88,7.2,6.376396
2020-03-03,7.29,7.34,6.89,6.97,6.172706
2020-03-04,7.09,7.09,6.92,7.08,6.270123
2020-03-05,6.96,6.97,6.71,6.74,5.969015
2020-03-06,6.6,6.68,6.4,6.49,5.747613
2020-03-09,5.97,6.14,5.87,5.9,5.225102
2020-03-10,6.26,6.29,5.8,6.26,5.543922
2020-03-11,6.06,6.11,5.88,5.9,5.225102
2020-03-12,5.38,5.69,5.2,5.35,4.738017
2020-03-13,5.87,5.9,5.12,5.63,4.985988
2020-03-16,5.04,5.22,5,5.01,4.436909
2020-03-17,5.08,5.14,4.7,5.01,4.436909
2020-03-18,4.75,4.84,4.1,4.5,3.985248
2020-03-19,4.33,4.58,4.1,4.47,3.958679
2020-03-20,4.54,4.75,4.25,4.33,3.834694
2020-03-23,4.27,4.52,3.96,4.01,3.551299
2020-03-24,4.47,4.99,4.26,4.95,4.383772
2020-03-25,5.77,5.87,5.12,5.39,4.773441
2020-03-26,5.36,5.65,5.16,5.25,4.649455
2020-03-27,5.07,5.3,4.91,5.19,4.596318
2020-03-30,5.11,5.12,4.93,5.03,4.45462
2020-03-31,5.03,5.19,4.75,4.83,4.277499
2020-04-01,4.63,4.77,4.36,4.4,3.896687
2020-04-02,4.39,4.57,4.25,4.36,3.861262
2020-04-03,4.4,4.42,4.17,4.24,3.754988
2020-04-06,4.54,4.67,4.41,4.53,4.011816
2020-04-07,4.85,5.03,4.63,4.71,4.171226
2020-04-08,4.86,5.09,4.8,5.03,4.45462
2020-04-09,5.51,5.75,5.24,5.37,4.755728
2020-04-13,5.43,5.43,5.02,5.16,4.56975
2020-04-14,5.27,5.44,5.16,5.29,4.68488
2020-04-15,5.06,5.14,4.95,5.03,4.45462
2020-04-16,5.06,5.07,4.89,4.94,4.374917
2020-04-17,5.17,5.28,5.03,5.12,4.534326
2020-04-20,5.01,5.09,4.91,4.98,4.410341
2020-04-21,4.89,4.92,4.72,4.77,4.224362
2020-04-22,4.87,4.89,4.75,4.77,4.224362
2020-04-23,4.8,4.98,4.77,4.89,4.330636
2020-04-24,4.93,4.96,4.8,4.87,4.312923
2020-04-27,4.91,5.19,4.88,5.17,4.578607
2020-04-28,5.49,5.54,5.22,5.38,4.764585
2020-04-29,5.33,5.5,5.21,5.26,4.658311
2020-04-30,5.16,5.24,5.06,5.09,4.507758
2020-05-01,5.02,5.05,4.9,4.92,4.357204
2020-05-04,4.88,4.97,4.77,4.86,4.304068
2020-05-05,4.99,5.09,4.94,4.97,4.401484
2020-05-06,5.05,5.09,4.82,4.87,4.312923
2020-05-07,4.9,4.98,4.85,4.87,4.312923
2020-05-08,4.96,5.25,4.95,5.24,4.6406
2020-05-11,5.18,5.19,5.05,5.12,4.534326
2020-05-12,5.15,5.22,4.97,4.98,4.410341
2020-05-13,5,5.01,4.66,4.72,4.180081
2020-05-14,4.64,4.92,4.52,4.89,4.330636
2020-05-15,4.8,4.94,4.75,4.9,4.339491
2020-05-18,5.12,5.33,5.12,5.31,4.702592
2020-05-19,5.27,5.45,5.15,5.3,4.693738
2020-05-20,5.38,5.54,5.37,5.49,4.862002
2020-05-21,5.45,5.69,5.44,5.63,4.985988
2020-05-22,5.68,5.73,5.5,5.65,5.0037
2020-05-26,5.92,5.99,5.82,5.84,5.171965
2020-05-27,6.01,6.09,5.84,6.03,5.340231
2020-05-28,6.05,6.07,5.81,5.85,5.180821
2020-05-29,5.75,5.8,5.57,5.71,5.056837
2020-06-01,5.73,5.88,5.67,5.87,5.198534
2020-06-02,5.96,6,5.83,5.9,5.225102
2020-06-03,5.99,6.27,5.92,6.19,5.481929
2020-06-04,6.2,6.58,6.12,6.57,5.818461
2020-06-05,7.24,7.5,7.02,7.34,6.500381
2020-06-08,7.53,7.74,7.37,7.53,6.668647
2020-06-09,7.22,7.44,7.05,7.24,6.41182
2020-06-10,7.33,7.34,6.77,6.81,6.031008
2020-06-11,6.07,6.46,6.04,6.13,5.428793
2020-06-12,6.56,6.63,6.3,6.46,5.721045
2020-06-15,6.18,6.58,6.11,6.5,5.756468
2020-06-16,6.87,6.87,6.44,6.55,5.800749
2020-06-17,6.56,6.56,6.31,6.33,5.605915
2020-06-18,6.26,6.45,6.19,6.33,5.605915
2020-06-19,6.64,6.69,6.23,6.23,5.517354
2020-06-22,6.27,6.28,6.13,6.28,5.561635
2020-06-23,6.33,6.38,6.14,6.15,5.446505
2020-06-24,6.06,6.12,5.86,5.95,5.269383
2020-06-25,5.86,6.05,5.8,6.03,5.340231
2020-06-26,6.04,6.07,5.81,5.91,5.233958
2020-06-29,5.91,6.07,5.81,6.01,5.32252
2020-06-30,5.98,6.1,5.9,6.08,5.384512
2020-07-01,6.1,6.18,5.95,5.98,5.29595
2020-07-02,6.1,6.17,6,6.05,5.357944
2020-07-06,6.14,6.2,6.11,6.19,5.481929
2020-07-07,6.14,6.2,6.09,6.12,5.419937
2020-07-08,6.13,6.18,6.05,6.09,5.393369
2020-07-09,6.09,6.1,5.82,5.84,5.171965
2020-07-10,5.8,6.1,5.74,6.1,5.402225
2020-07-13,6.15,6.22,6.05,6.06,5.3668
2020-07-14,6.18,6.39,6.08,6.36,5.632483
2020-07-15,6.54,6.78,6.52,6.74,5.969015
2020-07-16,6.66,6.9,6.63,6.86,6.075288
2020-07-17,6.9,6.91,6.73,6.8,6.022151
2020-07-20,6.8,6.85,6.58,6.66,5.898167
2020-07-21,6.71,6.81,6.64,6.68,5.915879
2020-07-22,6.64,6.88,6.61,6.84,6.057576
2020-07-23,6.87,7.06,6.8,6.98,6.181562
2020-07-24,6.9,7.01,6.86,6.88,6.093
2020-07-27,6.92,6.94,6.77,6.93,6.137281
2020-07-28,6.9,7.05,6.9,7.01,6.20813
2020-07-29,7.05,7.06,6.83,6.92,6.128425
2020-07-30,6.74,6.83,6.67,6.74,5.969015
2020-07-31,6.89,6.9,6.52,6.61,5.853886
2020-08-03,6.65,6.72,6.53,6.69,5.924735
2020-08-04,6.91,6.91,6.73,6.86,6.075288
2020-08-05,6.86,7.03,6.86,6.96,6.16385
2020-08-06,6.93,7,6.89,6.93,6.137281
2020-08-07,6.87,6.92,6.79,6.86,6.075288
2020-08-10,6.91,7.13,6.91,7.09,6.278978
2020-08-11,7.21,7.38,7.19,7.23,6.402965
2020-08-12,7.33,7.37,7.06,7.11,6.296691
2020-08-13,7.03,7.18,7,7.03,6.225842
2020-08-14,6.97,7.11,6.93,7.04,6.234699
2020-08-17,7.05,7.06,6.87,6.98,6.181562
2020-08-18,6.98,7.01,6.89,6.89,6.101857
2020-08-19,6.89,7.02,6.86,6.87,6.084144
2020-08-20,6.77,6.89,6.73,6.84,6.057576
2020-08-21,6.78,6.85,6.65,6.66,5.898167
2020-08-24,6.73,7,6.69,6.98,6.181562
2020-08-25,7.01,7.1,6.86,6.94,6.146137
2020-08-26,6.94,6.97,6.77,6.82,6.039864
2020-08-27,6.83,6.98,6.83,6.91,6.119569
2020-08-28,6.93,6.95,6.86,6.94,6.146137
2020-08-31,6.9,6.93,6.79,6.82,6.039864
2020-09-01,6.77,6.87,6.72,6.83,6.04872
2020-09-02,6.81,6.97,6.77,6.95,6.154994
2020-09-03,6.92,7.09,6.76,6.82,6.039864
2020-09-04,6.86,6.95,6.75,6.9,6.110713
2020-09-08,6.83,7.17,6.81,7.03,6.225842
2020-09-09,7.07,7.1,6.93,6.97,6.172706
2020-09-10,6.99,7.04,6.87,6.91,6.119569
2020-09-11,6.94,7,6.85,7,6.199274
2020-09-14,7.01,7.18,6.98,7.12,6.305547
2020-09-15,7.16,7.18,7,7.04,6.234699
2020-09-16,7.05,7.12,6.99,7.02,6.216987
2020-09-17,7.04,7.34,6.98,7.28,6.447244
2020-09-18,7.31,7.4,7.22,7.23,6.402965
2020-09-21,7.09,7.09,6.81,6.87,6.084144
2020-09-22,6.89,6.99,6.77,6.78,6.004439
2020-09-23,6.81,6.93,6.63,6.64,5.880455
2020-09-24,6.6,6.76,6.41,6.66,5.898167
2020-09-25,6.61,6.71,6.5,6.51,5.765326
2020-09-28,6.59,6.77,6.58,6.69,5.924735
2020-09-29,6.69,6.7,6.54,6.6,5.84503
2020-09-30,6.61,6.75,6.59,6.66,5.898167
2020-10-01,6.71,6.77,6.63,6.75,5.977871
2020-10-02,6.62,6.93,6.6,6.89,6.101857
2020-10-05,6.95,7.05,6.95,7.02,6.216987
2020-10-06,7.06,7.25,6.96,6.98,6.181562
2020-10-07,7.11,7.25,7.06,7.23,6.402965
2020-10-08,7.29,7.35,7.2,7.35,6.509237
2020-10-09,7.36,7.44,7.23,7.25,6.420677
2020-10-12,7.36,7.87,7.33,7.67,6.792634
2020-10-13,7.82,7.88,7.63,7.76,6.872338
2020-10-14,7.73,7.75,7.55,7.57,6.704072
2020-10-15,7.42,7.62,7.37,7.62,6.748353
2020-10-16,7.71,7.75,7.61,7.67,6.792634
2020-10-19,7.68,7.72,7.57,7.59,6.721784
2020-10-20,7.62,7.85,7.58,7.74,6.854625
2020-10-21,7.77,7.88,7.73,7.85,6.952043
2020-10-22,7.93,8.22,7.89,8.21,7.270863
2020-10-23,8.3,8.35,8.09,8.16,7.226581
2020-10-26,8.04,8.07,7.94,8.03,7.111453
2020-10-27,8.01,8.09,7.9,7.92,7.014036
2020-10-28,7.68,7.88,7.63,7.7,6.819201
2020-10-29,8.17,8.24,7.85,7.9,6.996324
2020-10-30,7.85,7.91,7.61,7.73,6.84577
2020-11-02,7.83,7.86,7.68,7.71,6.828058
2020-11-03,7.76,7.93,7.73,7.88,6.978611
2020-11-04,7.86,7.87,7.63,7.64,6.766064
2020-11-05,7.76,7.99,7.71,7.99,7.076028
2020-11-06,8.01,8.02,7.75,7.79,6.898907
2020-11-09,8.11,8.38,8.08,8.2,7.262007
2020-11-10,8.23,8.59,8.18,8.38,7.421417
2020-11-11,8.6,8.6,8.29,8.33,7.377136
2020-11-12,8.26,8.29,8.1,8.21,7.270863
2020-11-13,8.23,8.57,8.23,8.54,7.563114
2020-11-16,8.74,8.85,8.61,8.8,7.793374
2020-11-17,8.66,8.85,8.63,8.75,7.749092
2020-11-18,8.82,9.05,8.78,8.82,7.811085
2020-11-19,8.88,8.88,8.74,8.82,7.811085
2020-11-20,8.81,8.82,8.68,8.74,7.740237
2020-11-23,8.82,8.98,8.78,8.86,7.846509
2020-11-24,9.15,9.5,9.14,9.45,8.36902
2020-11-25,9.2,9.25,9,9.08,8.041344
2020-11-27,9.12,9.14,9.03,9.09,8.050201
2020-11-30,9.23,9.23,8.98,9.08,8.041344
2020-12-01,9.16,9.4,9.16,9.24,8.183041
2020-12-02,9.16,9.24,9.08,9.2,8.147616
2020-12-03,9.26,9.32,9.15,9.21,8.156474
2020-12-04,9.26,9.44,9.24,9.34,8.271602
2020-12-07,9.31,9.33,9.15,9.22,8.165329
2020-12-08,9.19,9.33,9.17,9.25,8.191897
2020-12-09,9.31,9.49,9.29,9.45,8.36902
2020-12-10,9.31,9.32,9.1,9.12,8.076768
2020-12-11,9.19,9.19,9.01,9.02,7.988207
2020-12-14,9.13,9.18,8.88,8.91,7.89079
2020-12-15,9.03,9.15,8.94,9.15,8.103336
2020-12-16,9.17,9.18,8.97,9.04,8.005921
2020-12-17,9.09,9.13,9,9.08,8.041344
2020-12-18,9.09,9.09,8.91,8.95,7.926214
2020-12-21,8.87,9.01,8.79,8.93,7.908502
2020-12-22,8.98,8.99,8.75,8.79,7.784517
2020-12-23,8.82,9.03,8.8,8.99,7.961639
2020-12-24,9.01,9.02,8.8,8.86,7.846509
2020-12-28,8.92,8.98,8.86,8.89,7.873078
2020-12-29,8.93,8.93,8.78,8.82,7.811085
2020-12-30,8.83,8.92,8.81,8.86,7.846509
2020-12-31,8.84,8.86,8.78,8.79,7.784517
2021-01-04,8.81,8.84,8.43,8.52,7.545402
2021-01-05,8.47,8.72,8.46,8.65,7.66053
2021-01-06,8.79,8.94,8.68,8.84,7.828798
2021-01-07,8.94,9.08,8.88,9.06,8.023632
2021-01-08,9.1,9.14,8.89,9,7.970495
2021-01-11,8.87,9.32,8.82,9.3,8.236179
2021-01-12,9.3,9.82,9.29,9.78,8.661271
2021-01-13,9.91,9.92,9.64,9.78,8.661271
2021-01-14,9.81,10.2,9.79,10.17,9.00666
2021-01-15,10.04,10.05,9.82,9.83,8.705552
2021-01-19,10.06,10.21,9.97,10.02,8.873817
2021-01-20,10.23,10.87,10.19,10.86,9.61773
2021-01-21,11.28,12.15,11.12,11.53,10.211088
2021-01-22,11.66,11.69,11.34,11.52,10.202235
2021-01-25,11.49,11.52,10.88,11.29,9.998544
2021-01-26,11.31,11.53,11.12,11.19,9.909982
2021-01-27,11.02,11.17,10.7,10.79,9.555737
2021-01-28,10.84,11.05,10.71,10.72,9.493747
2021-01-29,10.59,10.84,10.45,10.53,9.325479
2021-02-01,10.65,11.44,10.36,10.83,9.591162
2021-02-02,11.14,11.2,10.71,10.86,9.61773
2021-02-03,10.92,11.36,10.84,11.2,9.918839
2021-02-04,11.4,11.62,11.17,11.37,10.069392
2021-02-05,11.8,11.9,11.3,11.51,10.193377
2021-02-08,11.52,11.58,11.31,11.56,10.237658
2021-02-09,11.54,12.04,11.49,11.93,10.565333
2021-02-10,12,12.02,11.53,11.76,10.414781
2021-02-11,11.66,11.74,11.31,11.45,10.140241
2021-02-12,11.42,11.62,11.37,11.45,10.140241
2021-02-16,11.5,11.7,11.38,11.54,10.219946
2021-02-17,11.61,11.61,11.37,11.48,10.16681
2021-02-18,11.37,11.48,11.3,11.43,10.122529
2021-02-19,11.52,11.59,11.46,11.58,10.25537
2021-02-22,11.52,11.94,11.5,11.7,10.361642
2021-02-23,11.59,11.65,11.13,11.62,10.290794
2021-02-24,11.67,12.4,11.64,12.27,10.866443
2021-02-25,12.22,12.4,11.72,11.76,10.414781
2021-02-26,11.89,11.98,11.54,11.7,10.361642
2021-03-01,11.87,12.08,11.78,11.98,10.609614
2021-03-02,12.04,12.8,11.94,12.55,11.114412
2021-03-03,12.61,12.61,12.14,12.17,10.777882
2021-03-04,12.24,12.46,11.63,11.93,10.565333
2021-03-05,12.06,12.29,11.67,12.27,10.866443
2021-03-08,12.39,12.88,12.3,12.65,11.202973
2021-03-09,12.76,12.76,12.38,12.57,11.132124
2021-03-10,12.72,12.98,12.62,12.91,11.433233
2021-03-11,12.94,13.06,12.75,12.81,11.34467
2021-03-12,12.78,13.43,12.77,13.37,11.840613
2021-03-15,13.39,13.62,13.05,13.2,11.69006
2021-03-16,13.06,13.15,12.43,12.49,11.061275
2021-03-17,12.34,12.7,12.22,12.69,11.238397
2021-03-18,12.7,13.01,12.44,12.49,11.061275
2021-03-19,12.85,12.95,12.55,12.83,11.362382
2021-03-22,12.85,12.93,12.51,12.85,11.380095
2021-03-23,12.57,12.68,12.12,12.21,10.813307
2021-03-24,12.36,12.53,12.12,12.14,10.751313
2021-03-25,11.94,12.35,11.72,12.32,10.910723
2021-03-26,12.43,12.49,12.06,12.3,10.89301
2021-03-29,12.2,12.36,12.07,12.15,10.760169
2021-03-30,12.16,12.48,12.11,12.46,11.034707
2021-03-31,12.46,12.54,12.21,12.25,10.848728
2021-04-01,12.28,12.29,12.02,12.17,10.777882
2021-04-05,12.39,12.78,12.33,12.7,11.247254
2021-04-06,12.7,12.99,12.64,12.92,11.442089
2021-04-07,12.87,12.93,12.66,12.73,11.273823
2021-04-08,12.67,12.76,12.43,12.51,11.078989
2021-04-09,12.49,12.62,12.39,12.51,11.078989
2021-04-12,12.5,12.55,12.32,12.38,10.963859
2021-04-13,12.39,12.45,12.1,12.2,10.804449
2021-04-14,12.2,12.49,12.2,12.24,10.839873
2021-04-15,12.3,12.32,12.13,12.24,10.839873
2021-04-16,12.32,12.36,12.19,12.23,10.831017
2021-04-19,12.22,12.25,12.02,12.11,10.724744
2021-04-20,12.06,12.06,11.35,11.45,10.140241
2021-04-21,11.36,11.74,11.18,11.73,10.388212
2021-04-22,12.06,12.15,11.83,11.94,10.574189
2021-04-23,11.97,12.24,11.87,12.22,10.822163
2021-04-26,12.28,12.44,12.23,12.27,10.866443
2021-04-27,12.29,12.5,12.27,12.49,11.061275
2021-04-28,12.6,12.6,12.39,12.43,11.00814
2021-04-29,11.91,11.91,11.14,11.26,9.971975
2021-04-30,11.36,11.54,11.33,11.54,10.219946
2021-05-03,11.56,11.68,11.43,11.63,10.29965
2021-05-04,11.53,11.55,11.23,11.41,10.104817
2021-05-05,11.5,11.64,11.4,11.61,10.28194
2021-05-06,11.55,11.76,11.48,11.74,10.397067
2021-05-07,11.65,11.83,11.52,11.82,10.467916
2021-05-10,11.78,11.93,11.7,11.71,10.3705
2021-05-11,11.45,11.76,11.42,11.58,10.25537
2021-05-12,11.54,11.68,11.28,11.33,10.033967
2021-05-13,11.36,11.68,11.35,11.55,10.228802
2021-05-14,11.65,11.87,11.62,11.84,10.485629
2021-05-17,11.82,12.18,11.79,12.15,10.760169
2021-05-18,12.29,12.53,12.13,12.14,10.751313
2021-05-19,12.03,12.21,11.85,12.11,10.724744
2021-05-20,12.52,12.69,12.3,12.49,11.061275
2021-05-21,12.7,13.47,12.57,13.33,11.80519
2021-05-24,13.38,13.38,12.92,13.06,11.566074
2021-05-25,13.13,13.43,12.8,12.81,11.34467
2021-05-26,13.16,13.95,13.1,13.9,12.309987
2021-05-27,14.38,15.05,14.12,14.88,13.177885
2021-05-28,15.01,15.05,14.41,14.53,12.867922
2021-06-01,14.72,14.84,14.46,14.81,13.115893
2021-06-02,14.9,15.02,14.68,14.91,13.204454
2021-06-03,15.15,16.059999,14.99,15.99,14.160913
2021-06-04,16.33,16.450001,15.8,15.97,14.143202
2021-06-07,16.01,16.200001,15.65,15.88,14.063495
2021-06-08,15.76,15.8,15.33,15.63,13.842094
2021-06-09,15.6,15.62,15.39,15.48,13.70925
2021-06-10,15.59,15.78,15.08,15.11,13.381576
2021-06-11,15.3,15.43,15.17,15.28,13.532128
2021-06-14,15.23,15.3,14.82,14.87,13.169028
2021-06-15,14.91,15.16,14.76,15,13.284158
2021-06-16,15.1,15.29,14.88,15.02,13.30187
2021-06-17,15.3,15.4,14.58,14.77,13.080468
2021-06-18,14.54,14.77,14.44,14.52,12.859066
2021-06-21,14.63,14.9,14.55,14.78,13.089323
2021-06-22,15.02,15.11,14.82,14.91,13.204454
2021-06-23,15.14,15.53,15.03,15.42,13.656116
2021-06-24,15.54,15.55,15.15,15.26,13.514418
2021-06-25,15.24,15.52,15.18,15.19,13.452422
2021-06-28,15.2,15.21,14.83,14.96,13.248734
2021-06-29,15.05,15.2,14.88,15.01,13.293015
2021-06-30,14.95,15.11,14.81,14.86,13.160173
2021-07-01,14.91,14.97,14.84,14.91,13.204454
2021-07-02,14.96,15.04,14.83,14.93,13.222166
2021-07-06,14.87,14.88,14.39,14.5,12.841353
2021-07-07,14.41,14.46,14.02,14.23,12.602239
2021-07-08,13.96,14.23,13.74,14.06,12.451684
2021-07-09,14.45,14.58,14.27,14.48,12.823641
2021-07-12,14.36,14.74,14.24,14.61,12.93877
2021-07-13,14.5,14.63,14.3,14.42,12.770504
2021-07-14,14.43,14.63,14.2,14.25,12.61995
2021-07-15,14.15,14.3,13.94,14.01,12.407403
2021-07-16,14.12,14.14,13.58,13.61,12.05316
2021-07-19,13.25,13.32,12.79,13.28,11.760909
2021-07-20,13.37,13.96,13.28,13.91,12.318844
2021-07-21,14.05,14.34,14.03,14.19,12.566813
2021-07-22,14.08,14.14,13.78,13.91,12.318844
2021-07-23,13.97,14.04,13.73,13.82,12.239138
2021-07-26,13.9,14.08,13.87,14.03,12.425116
2021-07-27,13.93,13.96,13.65,13.79,12.212571
2021-07-28,13.86,13.99,13.57,13.86,12.274562
2021-07-29,14.51,14.79,14.3,14.39,12.743936
2021-07-30,14.23,14.3,13.87,13.95,12.354267
2021-08-02,14.02,14.33,13.88,13.91,12.318844
2021-08-03,13.97,14.08,13.64,14.02,12.416261
2021-08-04,13.85,13.93,13.3,13.32,11.796333
2021-08-05,13.54,13.82,13.45,13.71,12.141722
2021-08-06,13.82,13.91,13.73,13.8,12.221427
2021-08-09,13.72,13.82,13.55,13.75,12.177146
2021-08-10,13.77,13.91,13.66,13.82,12.239138
2021-08-11,13.86,13.95,13.67,13.93,12.336555
2021-08-12,13.92,14.05,13.79,13.9,12.309987
2021-08-13,13.88,13.95,13.54,13.59,12.035447
2021-08-16,13.5,13.56,13.32,13.46,11.920317
2021-08-17,13.32,13.33,12.81,12.99,11.504082
2021-08-18,12.95,13.21,12.9,13,11.512937
2021-08-19,12.8,12.92,12.57,12.67,11.220686
2021-08-20,12.61,12.67,12.38,12.57,11.132124
2021-08-23,12.71,12.85,12.47,12.73,11.273823
2021-08-24,12.81,13.14,12.76,13.08,11.583787
2021-08-25,13.12,13.28,13.02,13.17,11.66349
2021-08-26,13.11,13.13,12.81,12.9,11.424376
2021-08-27,12.89,13.37,12.87,13.31,11.787477
2021-08-30,13.35,13.37,13.03,13.05,11.557219
2021-08-31,13.02,13.14,12.93,13.03,11.539507
2021-09-01,13.03,13.22,12.9,13.11,11.610354
2021-09-02,13.09,13.21,12.97,13.01,11.521794
2021-09-03,12.99,13.05,12.87,12.89,11.415521
2021-09-07,12.83,13.04,12.81,12.95,11.468657
2021-09-08,12.97,13.22,12.91,13.03,11.539507
2021-09-09,12.95,12.95,12.72,12.76,11.30039
2021-09-10,12.84,12.93,12.66,12.68,11.229541
2021-09-13,12.76,12.99,12.62,12.99,11.504082
2021-09-14,12.93,13.06,12.79,12.86,11.388951
2021-09-15,12.89,13.25,12.81,13.22,11.707772
2021-09-16,13.18,13.53,13.1,13.4,11.867181
2021-09-17,13.41,13.7,13.39,13.55,12.000022
2021-09-20,13.07,13.19,12.63,12.82,11.353527
2021-09-21,12.89,12.97,12.66,12.77,11.309247
2021-09-22,12.92,13.39,12.91,13.23,11.716628
2021-09-23,13.35,13.74,13.32,13.71,12.141722
2021-09-24,13.66,13.94,13.64,13.78,12.203714
2021-09-27,13.89,14.29,13.88,14.16,12.540246
2021-09-28,14.63,14.73,14.23,14.31,12.673087
2021-09-29,14.46,14.5,14.17,14.3,12.66423
2021-09-30,14.26,14.32,14.09,14.16,12.540246
2021-10-01,14.26,14.37,14.01,14.16,12.540246
2021-10-04,14.27,14.79,14.22,14.35,12.70851
2021-10-05,14.44,14.44,14.11,14.29,12.655375
2021-10-06,14.14,14.34,13.89,14.12,12.504821
2021-10-07,14.34,14.95,14.31,14.89,13.186742
2021-10-08,14.92,15.49,14.85,15.12,13.390431
2021-10-11,15.2,15.36,14.97,15.09,13.363864
2021-10-12,15.11,15.68,15.01,15.64,13.850951
2021-10-13,15.59,15.69,15.27,15.51,13.735821
2021-10-14,15.62,15.62,15.37,15.45,13.682683
2021-10-15,15.54,16.030001,15.54,15.7,13.904086
2021-10-18,15.57,15.65,15.49,15.56,13.780099
2021-10-19,15.6,15.69,15.37,15.42,13.656116
2021-10-20,15.43,16.16,15.37,16.040001,14.205195
2021-10-21,16.16,16.700001,16.129999,16.549999,14.656856
2021-10-22,16.42,16.540001,16.23,16.280001,14.41774
2021-10-25,16.4,16.5,15.81,16,14.169768
2021-10-26,16.09,16.219999,15.7,15.94,14.116632
2021-10-27,15.79,15.92,15.5,15.51,13.735821
2021-10-28,16.860001,17.58,16.709999,16.860001,14.931395
2021-10-29,16.860001,17.360001,16.549999,17.08,15.126227
2021-11-01,17.5,17.969999,17.07,17.950001,15.89671
2021-11-02,18.15,18.190001,17.73,18.01,15.949849
2021-11-03,17.92,18.83,17.879999,18.629999,16.498924
2021-11-04,18.92,19.5,18.719999,19.42,17.198561
2021-11-05,19.709999,19.719999,18.99,19.290001,17.083427
2021-11-08,19.4,20.42,19.24,20.15,17.845055
2021-11-09,20.51,20.51,19.41,20.120001,17.818481
2021-11-10,19.879999,20.469999,19.059999,19.360001,17.14542
2021-11-11,19.639999,19.84,19.26,19.549999,17.313684
2021-11-12,19.379999,19.620001,19.209999,19.5,17.269405
2021-11-15,19.459999,19.950001,19.139999,19.860001,17.588226
2021-11-16,19.9,20.059999,19.530001,19.790001,17.526232
2021-11-17,19.74,20.01,19.440001,19.959999,17.676786
2021-11-18,20.16,20.26,19.360001,19.559999,17.409765
2021-11-19,19.639999,19.67,19.24,19.389999,17.258455
2021-11-22,19.389999,20.790001,19.309999,20.48,18.22863
2021-11-23,20.43,20.530001,19.969999,20.200001,17.979412
2021-11-24,19.969999,20.34,19.780001,20.25,18.023916
2021-11-26,19.66,19.84,19.469999,19.75,17.578878
2021-11-29,20.07,20.190001,19.49,19.67,17.507673
2021-11-30,19.620001,19.950001,19.030001,19.190001,17.080441
2021-12-01,19.629999,20.469999,19.530001,19.58,17.427568
2021-12-02,19.5,20.110001,19.280001,19.870001,17.685686
2021-12-03,20.370001,20.4,18.93,19.139999,17.035936
2021-12-06,19.23,19.49,18.610001,19.219999,17.107143
2021-12-07,19.65,20.059999,19.52,19.959999,17.765793
2021-12-08,20.18,20.190001,19.75,19.809999,17.632282
2021-12-09,19.76,19.93,19.540001,19.57,17.418667
2021-12-10,19.77,21.49,19.76,21.450001,19.091995
2021-12-13,21.24,21.299999,20.129999,20.43,18.18413
2021-12-14,19.799999,20.18,19.379999,20.049999,17.8459
2021-12-15,19.99,20.33,19.549999,20.190001,17.970512
2021-12-16,20.57,21.1,20.26,20.35,18.112921
2021-12-17,20.030001,20.24,19.6,19.77,17.59668
2021-12-20,19.459999,19.620001,19.049999,19.42,17.285156
2021-12-21,19.75,19.790001,19.33,19.610001,17.454271
2021-12-22,19.639999,20.34,19.639999,20.139999,17.926004
2021-12-23,20.08,20.41,20,20.25,18.023916
2021-12-27,20.26,20.889999,20.1,20.799999,18.513453
2021-12-28,20.66,21.059999,20.59,20.76,18.477848
2021-12-29,20.709999,20.77,20.450001,20.559999,18.299837
2021-12-30,20.59,20.959999,20.469999,20.469999,18.219728
2021-12-31,20.459999,21.01,20.459999,20.77,18.48675
2022-01-03,21.27,21.879999,21.059999,21.77,19.376822
2022-01-04,22.52,24.559999,22.42,24.309999,21.637594
2022-01-05,24.059999,24.950001,23.469999,23.66,21.059052
2022-01-06,24.09,24.620001,23.360001,24.459999,21.771109
2022-01-07,24.67,24.91,24.040001,24.440001,21.753307
2022-01-10,24.1,24.440001,23.35,23.85,21.228168
2022-01-11,23.780001,24.35,23.280001,24.35,21.673199
2022-01-12,24.610001,24.84,24.01,24.469999,21.780006
2022-01-13,24.639999,25.870001,24.370001,25.02,22.269547
2022-01-14,24.469999,25.280001,24.299999,25.190001,22.42086
2022-01-18,24.870001,25.129999,24.299999,24.379999,21.699902
2022-01-19,24.65,24.92,22.41,22.450001,19.982067
2022-01-20,21.879999,22.879999,21.57,21.65,19.270012
2022-01-21,21.209999,21.5,20.540001,20.65,18.379942
2022-01-24,19.93,20.469999,18.799999,20.389999,18.148523
2022-01-25,20,20.309999,19.559999,19.98,17.783594
2022-01-26,21.01,21.040001,19.57,19.91,17.721289
2022-01-27,20.309999,20.65,19.41,19.549999,17.400866
2022-01-28,19.32,19.549999,18.92,19.540001,17.481384
2022-01-31,19.58,20.33,19.370001,20.299999,18.161316
2022-02-01,20.610001,20.85,19.92,20.66,18.483389
2022-02-02,20.809999,21.049999,20.18,20.629999,18.456547
2022-02-03,20.17,20.620001,19.870001,19.889999,17.79451
2022-02-04,18.52,18.59,17.52,17.959999,16.067841
2022-02-07,17.73,18.120001,17.700001,17.889999,16.005219
2022-02-08,17.58,17.91,17.02,17.719999,15.853127
2022-02-09,18.27,18.43,18.030001,18.35,16.416754
2022-02-10,17.969999,18.629999,17.92,18.08,16.175201
2022-02-11,18.1,18.360001,17.42,17.549999,15.70104
2022-02-14,17.51,17.73,17.290001,17.459999,15.62052
2022-02-15,17.799999,18.129999,17.719999,18.08,16.175201
2022-02-16,17.889999,18.209999,17.74,18.01,16.112576
2022-02-17,17.860001,17.940001,17.5,17.540001,15.692093
2022-02-18,17.6,18.48,17.57,18.040001,16.139418
2022-02-22,17.67,17.76,17.07,17.290001,15.46843
2022-02-23,17.5,17.73,16.879999,16.950001,15.16425
2022-02-24,15.99,17.190001,15.96,17.15,15.34318
2022-02-25,17.25,17.9,17.120001,17.83,15.951538
2022-02-28,17.34,17.68,17.209999,17.559999,15.709985
2022-03-01,17.41,17.41,16.450001,16.700001,14.940591
2022-03-02,17.5,18.25,17.299999,18.1,16.193094
2022-03-03,18.25,18.25,17.440001,17.6,15.745768
2022-03-04,17.35,17.389999,16.639999,16.85,15.074786
2022-03-07,16.84,16.9,15.97,15.97,14.287497
2022-03-08,16.059999,16.719999,15.77,16.030001,14.341177
2022-03-09,16.65,16.83,16.280001,16.370001,14.645356
2022-03-10,16.110001,16.41,15.76,16.33,14.60957
2022-03-11,16.4,16.48,16.01,16.040001,14.350123
2022-03-14,16.09,16.23,15.51,15.74,14.081728
2022-03-15,15.77,16.139999,15.53,16.059999,14.368014
2022-03-16,16.469999,16.629999,16.059999,16.58,14.83323
2022-03-17,16.23,16.58,16.16,16.58,14.83323
2022-03-18,16.42,16.9,16.280001,16.860001,15.083733
2022-03-21,16.870001,17.110001,16.33,16.48,14.743767
2022-03-22,16.719999,17.309999,16.700001,17.09,15.289501
2022-03-23,16.82,17.049999,16.57,16.68,14.922696
2022-03-24,16.74,16.98,16.639999,16.83,15.056893
2022-03-25,16.74,16.780001,16.34,16.469999,14.734818
2022-03-28,16.549999,16.68,16.280001,16.67,14.913749
2022-03-29,17.01,17.799999,17.01,17.75,15.879967
2022-03-30,17.52,17.66,17.200001,17.27,15.450536
2022-03-31,17.200001,17.35,16.5,16.91,15.128464
2022-04-01,17.01,17.15,16.34,16.65,14.895856
2022-04-04,16.66,16.73,16.360001,16.66,14.904804
2022-04-05,16.459999,16.620001,15.81,15.82,14.153299
2022-04-06,15.6,15.8,15.18,15.39,13.768602
2022-04-07,15.07,15.21,14.56,14.96,13.383904
2022-04-08,14.94,15.44,14.81,15.05,13.464424
2022-04-11,14.89,15.77,14.89,15.28,13.670191
2022-04-12,15.5,15.72,15.28,15.36,13.741763
2022-04-13,15.31,15.55,15.22,15.51,13.87596
2022-04-14,15.5,15.76,15.46,15.48,13.849119
2022-04-18,15.37,15.79,15.37,15.67,14.019103
2022-04-19,15.74,16.23,15.74,16.15,14.448532
2022-04-20,16.23,16.549999,16.01,16.049999,14.359068
2022-04-21,16.48,16.57,15.61,15.7,14.045942
2022-04-22,15.55,15.64,15,15.13,13.535994
2022-04-25,14.91,15.2,14.62,15.19,13.68009
2022-04-26,15.1,15.14,14.67,14.71,13.247804
2022-04-27,14.79,15.1,14.6,14.85,13.373886
2022-04-28,14.91,14.99,13.9,14.62,13.166748
2022-04-29,14.59,14.97,14.1,14.16,12.752474
2022-05-02,14.02,14.29,13.82,14.27,12.85154
2022-05-03,14.31,14.75,14.2,14.56,13.112713
2022-05-04,14.51,15,14.26,14.98,13.490963
2022-05-05,14.82,14.82,14.34,14.53,13.085695
2022-05-06,14.46,14.6,14,14.21,12.797503
2022-05-09,13.85,14.17,13.31,13.37,12.040999
2022-05-10,13.8,13.84,13.02,13.35,12.02299
2022-05-11,13.2,13.62,12.79,12.83,11.554677
2022-05-12,12.21,12.8,12.15,12.44,11.203444
2022-05-13,12.88,13.63,12.87,13.5,12.158078
2022-05-16,13.49,13.52,12.98,13.05,11.75281
2022-05-17,13.34,13.53,13.16,13.53,12.185097
2022-05-18,13.25,13.36,12.71,12.78,11.509647
2022-05-19,12.64,13.12,12.63,12.85,11.572689
2022-05-20,13.05,13.12,12.07,12.5,11.257481
2022-05-23,12.64,12.95,12.5,12.83,11.554677
2022-05-24,12.6,12.68,12.27,12.42,11.185431
2022-05-25,12.33,12.81,12.32,12.71,11.446605
2022-05-26,12.8,13.2,12.79,13.12,11.815851
2022-05-27,13.26,13.63,13.24,13.63,12.275157
2022-05-31,13.68,13.82,13.35,13.68,12.320187
2022-06-01,13.88,13.97,13.4,13.55,12.203108
2022-06-02,13.64,13.96,13.6,13.89,12.509312
2022-06-03,13.63,13.78,13.36,13.5,12.158078
2022-06-06,13.74,13.74,13.38,13.46,12.122055
2022-06-07,13.26,13.77,13.19,13.74,12.374223
2022-06-08,13.63,13.85,13.44,13.53,12.185097
2022-06-09,13.51,13.59,13.28,13.28,11.959948
2022-06-10,13,13.21,12.63,12.75,11.48263
2022-06-13,12.3,12.38,11.74,11.81,10.636067
2022-06-14,11.99,12.42,11.91,12.2,10.987301
2022-06-15,12.22,12.42,12,12.27,11.050344
2022-06-16,11.8,11.91,11.12,11.25,10.131732
2022-06-17,11.24,11.44,10.9,11.23,10.11372
2022-06-21,11.55,11.66,11.35,11.46,10.320857
2022-06-22,11.26,11.68,11.21,11.48,10.338869
2022-06-23,11.5,11.58,11.25,11.56,10.410918
2022-06-24,11.65,12.12,11.57,12.01,10.816187
2022-06-27,12.12,12.18,11.9,12.04,10.843206
2022-06-28,12.14,12.44,11.8,11.81,10.636067
2022-06-29,11.74,11.76,11.38,11.52,10.374894
2022-06-30,11.24,11.36,10.93,11.13,10.023661
2022-07-01,11.1,11.5,10.99,11.32,10.194775
2022-07-05,11.05,11.21,10.61,11.2,10.086703
2022-07-06,11.15,11.27,10.84,11.06,9.960619
2022-07-07,11.33,11.72,11.33,11.65,10.491971
2022-07-08,11.65,11.78,11.48,11.62,10.464954
2022-07-11,11.54,11.66,11.27,11.29,10.167756
2022-07-12,11.29,11.72,11.27,11.56,10.410918
2022-07-13,11.31,11.58,11.17,11.51,10.365889
2022-07-14,11.22,11.4,11.14,11.39,10.257815
2022-07-15,11.58,11.9,11.49,11.88,10.699108
2022-07-18,12.15,12.25,11.9,11.96,10.771157
2022-07-19,12.22,12.69,12.21,12.59,11.338533
2022-07-20,12.6,12.82,12.51,12.73,11.464618
2022-07-21,12.88,13,12.63,13,11.70778
2022-07-22,13.1,13.14,12.72,12.82,11.545671
2022-07-25,12.85,12.99,12.6,12.84,11.563684
2022-07-26,12.68,12.76,12.46,12.54,11.293503
2022-07-27,12.75,13.19,12.63,13.19,11.878893
2022-07-28,13.94,14.09,13.38,14,12.608378
2022-07-29,14.11,14.79,14.01,14.69,13.229791
2022-08-01,14.66,15.43,14.55,15.34,13.81518
2022-08-02,15.2,15.45,15.12,15.16,13.653071
2022-08-03,15.48,16.15,15.46,15.69,14.130388
2022-08-04,15.65,15.67,15.31,15.37,13.842198
2022-08-05,15.23,15.47,15.13,15.3,13.779156
2022-08-08,15.57,16.040001,15.55,15.78,14.211444
2022-08-09,15.66,15.7,15.15,15.19,13.68009
2022-08-10,15.47,15.58,15.23,15.5,14.098497
2022-08-11,15.8,15.92,15.61,15.83,14.398659
2022-08-12,15.95,16.219999,15.84,16.18,14.717012
2022-08-15,16,16.450001,15.94,16.32,14.844353
2022-08-16,16.299999,16.68,16.26,16.43,14.944407
2022-08-17,16.16,16.27,15.9,16.030001,14.580576
2022-08-18,15.99,16.209999,15.86,16.15,14.689724
2022-08-19,15.95,16.139999,15.77,15.88,14.444138
2022-08-22,15.08,15.21,14.91,15.08,13.716474
2022-08-23,15.09,15.42,15.09,15.32,13.934773
2022-08-24,15.32,15.66,15.24,15.52,14.116689
2022-08-25,15.6,16.040001,15.58,15.93,14.489616
2022-08-26,16.01,16.09,15.41,15.41,14.016635
2022-08-29,15.2,15.71,15.19,15.57,14.162168
2022-08-30,15.7,15.8,15.17,15.45,14.053018
2022-08-31,15.52,15.52,15.24,15.24,13.862006
2022-09-01,15.1,15.22,14.78,15.19,13.816526
2022-09-02,15.53,15.57,15.06,15.16,13.789239
2022-09-06,15.22,15.24,14.84,15.03,13.670994
2022-09-07,14.91,15.49,14.79,15.43,14.034827
2022-09-08,15.16,15.48,15.02,15.47,14.07121
2022-09-09,15.6,15.7,15.32,15.42,14.025731
2022-09-12,15.55,15.74,15.45,15.54,14.134881
2022-09-13,15,15.13,14.7,14.74,13.407216
2022-09-14,14.76,14.85,14.45,14.66,13.33445
2022-09-15,14.69,15.21,14.68,14.89,13.543654
2022-09-16,14.62,14.74,14.47,14.72,13.389025
2022-09-19,14.5,14.96,14.49,14.93,13.580036
2022-09-20,14.09,14.23,13.01,13.09,11.906408
2022-09-21,13.24,13.59,13.05,13.05,11.870026
2022-09-22,13.12,13.24,12.75,12.77,11.615343
2022-09-23,12.33,12.44,11.95,12.31,11.196936
2022-09-26,12.21,12.38,11.93,11.99,10.905869
2022-09-27,12.21,12.22,11.66,11.91,10.833103
2022-09-28,11.91,12.24,11.76,12.18,11.078691
2022-09-29,11.85,11.88,11.36,11.47,10.432887
2022-09-30,11.39,11.53,11.19,11.2,10.187302
2022-10-03,11.38,11.59,11.13,11.47,10.432887
2022-10-04,11.96,12.37,11.94,12.36,11.242414
2022-10-05,12.38,12.56,12.13,12.51,11.378852
2022-10-06,12.36,12.63,12.19,12.36,11.242414
2022-10-07,12.18,12.3,12,12.2,11.096881
2022-10-10,11.47,11.55,11.2,11.36,10.332833
2022-10-11,11.3,11.87,11.18,11.56,10.51475
2022-10-12,11.48,11.7,11.35,11.54,10.496558
2022-10-13,11.24,11.89,11.2,11.77,10.705762
2022-10-14,11.8,11.85,11.56,11.67,10.614803
2022-10-17,11.98,11.99,11.66,11.83,10.760337
2022-10-18,12.22,12.25,11.91,12.03,10.942253
2022-10-19,11.91,12.14,11.86,12.13,11.03321
2022-10-20,12.13,12.2,11.73,11.77,10.705762
2022-10-21,11.74,12.25,11.68,12.19,11.087785
2022-10-24,12.3,12.65,12.18,12.48,11.351563
2022-10-25,12.58,13.03,12.46,12.83,11.669917
2022-10-26,12.8,13.06,12.52,12.82,11.660822
2022-10-27,12.77,13.22,12.42,13,11.824547
2022-10-28,13,13.31,12.97,13.26,12.061037
2022-10-31,13.15,13.51,13.14,13.37,12.16109
2022-11-01,13.57,13.65,13.16,13.4,12.188377
2022-11-02,13.22,13.67,13.06,13.06,11.879122
2022-11-03,12.81,13.46,12.77,13.26,12.061037
2022-11-04,13.57,13.77,13.27,13.51,12.288433
2022-11-07,13.61,13.76,13.37,13.7,12.461252
2022-11-08,13.78,13.8,13.51,13.72,12.479445
2022-11-09,13.57,13.7,13.28,13.31,12.106516
2022-11-10,13.69,14.36,13.67,14.18,12.897852
2022-11-11,14.26,14.67,14.2,14.5,13.188916
2022-11-14,14.23,14.35,14.06,14.06,12.922381
2022-11-15,14.29,14.58,14.2,14.3,13.142962
2022-11-16,14.1,14.17,13.84,13.9,12.775326
2022-11-17,13.66,13.91,13.55,13.91,12.784517
2022-11-18,14.08,14.13,13.82,13.99,12.858045
2022-11-21,13.86,14.04,13.66,13.95,12.821281
2022-11-22,14.05,14.15,13.98,14.07,12.931572
2022-11-23,14,14.06,13.85,14.03,12.894807
2022-11-25,13.96,14.11,13.9,14.08,12.940763
2022-11-28,13.94,13.96,13.7,13.73,12.619081
2022-11-29,13.85,13.9,13.71,13.75,12.637464
2022-11-30,13.78,13.95,13.45,13.9,12.775326
2022-12-01,14.09,14.36,14,14.08,12.940763
2022-12-02,13.84,13.97,13.75,13.86,12.738563
2022-12-05,13.75,13.77,13.37,13.38,12.2974
2022-12-06,13.42,13.57,13.06,13.28,12.205492
2022-12-07,13.2,13.42,13.09,13.1,12.040057
2022-12-08,13.2,13.26,13.07,13.12,12.058438
2022-12-09,13.04,13.36,13.04,13.18,12.113584
2022-12-12,13.2,13.47,13.1,13.46,12.370928
2022-12-13,13.78,13.92,13.37,13.57,12.472027
2022-12-14,13.57,13.78,13.36,13.48,12.389309
2022-12-15,13.23,13.26,12.95,13.03,11.975719
2022-12-16,12.77,12.82,12.08,12.12,11.139349
2022-12-19,12.12,12.17,11.54,11.69,10.744142
2022-12-20,11.65,11.68,11.12,11.47,10.541942
2022-12-21,11.61,11.79,11.55,11.78,10.826859
2022-12-22,11.54,11.54,11.1,11.31,10.394889
2022-12-23,11.27,11.4,11.22,11.36,10.440842
2022-12-27,11.28,11.39,11.13,11.2,10.293789
2022-12-28,11.18,11.25,10.9,10.95,10.064015
2022-12-29,11.08,11.55,11.05,11.54,10.606278
2022-12-30,11.4,11.64,11.39,11.63,10.688997
2023-01-03,11.82,11.92,11.57,11.68,10.734951
2023-01-04,11.88,12.08,11.74,12.01,11.03825
2023-01-05,12.11,12.38,11.88,12.25,11.258831
2023-01-06,12.12,12.59,12.1,12.58,11.562131
2023-01-09,12.74,12.93,12.55,12.69,11.66323
2023-01-10,12.68,12.87,12.5,12.84,11.801093
2023-01-11,12.93,13.26,12.89,13.22,12.150348
2023-01-12,13.27,13.53,13.11,13.43,12.343355
2023-01-13,12.63,12.82,12.47,12.72,11.690803
2023-01-17,12.71,12.85,12.43,12.67,11.644849
2023-01-18,12.79,12.85,12.4,12.41,11.405885
2023-01-19,12.29,12.36,12.04,12.18,11.194495
2023-01-20,12.21,12.42,12.08,12.4,11.396694
2023-01-23,12.48,12.91,12.43,12.8,11.76433
2023-01-24,12.68,12.9,12.62,12.74,11.709184
2023-01-25,12.6,12.85,12.49,12.79,11.755139
2023-01-26,12.99,13.07,12.71,12.92,11.87462
2023-01-27,12.88,13.37,12.87,13.27,12.196301
2023-01-30,13.01,13.2,12.86,12.89,11.847048
2023-01-31,13.39,13.57,13.25,13.51,12.416883
2023-02-01,13.52,13.99,13.49,13.79,12.674227
2023-02-02,14.17,14.6,14.03,14.32,13.161343
2023-02-03,13.05,13.61,12.78,13.23,12.159537
2023-02-06,13.16,13.21,12.78,13.14,12.076819
2023-02-07,13.08,13.51,12.98,13.45,12.361737
2023-02-08,13.3,13.69,13.3,13.42,12.334165
2023-02-09,13.66,13.93,13.4,13.49,12.398499
2023-02-10,12.84,12.9,12.51,12.73,12.437581
2023-02-13,12.71,13.1,12.7,13.09,12.789312
2023-02-14,12.99,13.19,12.82,12.97,12.672069
2023-02-15,12.75,12.94,12.6,12.93,12.632988
2023-02-16,12.73,13.14,12.51,12.91,12.613446
2023-02-17,12.82,12.94,12.65,12.89,12.593906
2023-02-21,12.72,12.81,12.17,12.2,11.919756
2023-02-22,12.24,12.31,12.14,12.21,11.929526
2023-02-23,12.32,12.36,11.88,12.07,11.792743
2023-02-24,11.82,11.98,11.75,11.88,11.607106
2023-02-27,11.98,12.42,11.96,12.06,11.782972
2023-02-28,12.07,12.18,12.01,12.07,11.792743
2023-03-01,12.35,12.54,12.17,12.32,12.037
2023-03-02,12.38,12.55,12.23,12.55,12.261717
2023-03-03,12.72,13.11,12.65,13.08,12.779541
2023-03-06,13.08,13.18,12.93,12.98,12.681838
2023-03-07,12.94,12.98,12.78,12.83,12.535284
2023-03-08,12.78,13.01,12.71,12.98,12.681838
2023-03-09,13.02,13.08,12.44,12.45,12.164013
2023-03-10,12.43,12.51,12,12.1,11.822054
2023-03-13,11.93,12.31,11.32,12.03,11.753661
2023-03-14,12.21,12.31,11.77,11.93,11.655958
2023-03-15,11.5,11.73,11.32,11.71,11.441011
2023-03-16,11.53,11.89,11.42,11.82,11.548484
2023-03-17,11.7,11.73,11.12,11.3,11.040429
2023-03-20,11.33,11.48,11.15,11.18,10.923186
2023-03-21,11.4,11.78,11.38,11.72,11.450783
2023-03-22,11.76,11.94,11.47,11.48,11.216294
2023-03-23,11.65,11.78,11.27,11.42,11.157673
2023-03-24,11.32,11.51,11.18,11.51,11.245606
2023-03-27,11.63,11.7,11.41,11.52,11.255377
2023-03-28,11.55,11.65,11.46,11.6,11.333539
2023-03-29,11.78,12.06,11.71,12.05,11.773202
2023-03-30,12.28,12.39,12.2,12.29,12.007689
2023-03-31,12.41,12.63,12.39,12.6,12.310568
2023-04-03,12.53,12.73,12.48,12.68,12.38873
2023-04-04,12.77,12.85,12.51,12.72,12.427812
2023-04-05,12.58,12.65,12.22,12.43,12.144473
2023-04-06,12.42,12.48,12.29,12.33,12.04677
2023-04-10,12.2,12.72,12.16,12.72,12.427812
2023-04-11,12.79,13.07,12.79,12.87,12.574366
2023-04-12,13.06,13.08,12.65,12.67,12.37896
2023-04-13,12.64,12.64,12.22,12.46,12.173783
2023-04-14,12.45,12.66,12.42,12.52,12.232406
2023-04-17,12.5,12.68,12.46,12.68,12.38873
2023-04-18,12.7,12.76,12.62,12.73,12.437581
2023-04-19,12.6,12.6,12.17,12.22,11.939297
2023-04-20,11.81,11.93,11.55,11.87,11.597337
2023-04-21,11.9,11.92,11.66,11.81,11.538715
2023-04-24,11.89,12.18,11.88,12.16,11.880674
2023-04-25,11.97,11.98,11.7,11.77,11.64326
2023-04-26,11.8,11.86,11.51,11.54,11.415736
2023-04-27,11.61,11.71,11.44,11.61,11.484982
2023-04-28,11.59,11.94,11.57,11.88,11.752075
2023-05-01,12.01,12.29,11.99,12.06,11.930137
2023-05-02,12.05,12.09,11.66,11.8,11.672936
2023-05-03,11.74,12.09,11.73,11.79,11.663044
2023-05-04,11.8,11.83,11.47,11.56,11.435521
2023-05-05,11.79,12.04,11.72,11.99,11.86089
2023-05-08,12.02,12.06,11.85,12.02,11.890568
2023-05-09,11.89,11.93,11.78,11.86,11.73229
2023-05-10,12.02,12.04,11.73,11.89,11.761968
2023-05-11,11.83,11.88,11.76,11.87,11.742183
2023-05-12,11.93,11.94,11.65,11.67,11.544336
2023-05-15,11.7,11.72,11.59,11.64,11.51466
2023-05-16,11.55,11.58,11.24,11.25,11.128859
2023-05-17,11.35,11.64,11.32,11.5,11.376166
2023-05-18,11.46,11.66,11.45,11.64,11.51466
2023-05-19,11.66,11.77,11.54,11.65,11.524551
2023-05-22,11.71,11.73,11.37,11.63,11.504766
2023-05-23,11.53,11.91,11.53,11.73,11.603689
2023-05-24,11.64,11.65,11.25,11.33,11.207997
2023-05-25,11.33,11.52,11.33,11.38,11.257459
2023-05-26,11.59,12.29,11.54,12.09,11.959814
2023-05-30,12.65,12.78,12.51,12.59,12.45443
2023-05-31,12.48,12.49,11.96,12,11.870783
2023-06-01,12.07,12.18,11.84,12.11,11.979598
2023-06-02,12.26,12.51,12.14,12.39,12.256583
2023-06-05,12.66,12.68,12.5,12.59,12.45443
2023-06-06,12.55,12.93,12.51,12.93,12.790769
2023-06-07,13.02,13.6,12.98,13.59,13.443662
2023-06-08,13.53,13.74,13.46,13.58,13.433769
2023-06-09,13.83,14.03,13.7,13.74,13.592046
2023-06-12,13.8,13.88,13.65,13.78,13.631615
2023-06-13,13.9,14.17,13.89,14.13,13.977847
2023-06-14,14.25,14.45,13.97,14.2,14.047092
2023-06-15,14.12,14.5,14.12,14.45,14.2944
2023-06-16,14.52,14.61,14.32,14.42,14.264724
2023-06-20,14.3,14.42,13.98,14.22,14.066877
2023-06-21,14.24,14.28,13.94,14.02,13.869032
2023-06-22,13.91,14.3,13.89,14.19,14.0372
2023-06-23,13.93,14.15,13.92,14.02,13.869032
2023-06-26,14.01,14.23,13.99,14.11,13.958061
2023-06-27,14.19,14.46,14.06,14.41,14.254831
2023-06-28,14.39,14.79,14.37,14.79,14.630739
2023-06-29,14.87,15.13,14.79,14.95,14.789017
2023-06-30,15.05,15.23,14.96,15.13,14.967078
2023-07-03,15.15,15.4,15.15,15.24,15.075893
2023-07-05,15.21,15.42,15.12,15.35,15.18471
2023-07-06,15.17,15.25,14.88,14.98,14.818693
2023-07-07,14.99,15.24,14.94,14.98,14.818693
2023-07-10,14.96,15.09,14.83,15.07,14.907724
2023-07-11,15.07,15.25,14.97,15.23,15.066001
2023-07-12,15.37,15.42,15.2,15.22,15.056109
2023-07-13,15.27,15.28,15.08,15.19,15.026432
2023-07-14,15.23,15.27,14.91,14.98,14.818693
2023-07-17,14.58,14.63,14.09,14.09,13.938277
2023-07-18,13.95,14.17,13.92,14.17,14.017416
2023-07-19,14.14,14.26,14.06,14.1,13.94817
2023-07-20,14.03,14.08,13.9,14.03,13.878923
2023-07-21,14.13,14.16,13.75,13.93,13.780001
2023-07-24,13.89,14.02,13.85,13.96,13.96
2023-07-25,13.86,13.86,13.56,13.58,13.58
2023-07-26,13.55,13.75,13.52,13.67,13.67
2023-07-27,13.83,13.98,13.7,13.73,13.73
2023-07-28,13.58,13.65,13.02,13.26,13.26
2023-07-31,13.01,13.22,12.91,13.21,13.21
2023-08-01,13.15,13.44,13.11,13.42,13.42
2023-08-02,13.2,13.23,12.98,13.04,13.04
2023-08-03,12.99,13.14,12.86,13.1,13.1
2023-08-04,13.1,13.1,12.8,12.89,12.89
2023-08-07,12.93,12.96,12.78,12.94,12.94
2023-08-08,12.77,12.9,12.7,12.88,12.88
2023-08-09,12.77,12.83,12.66,12.73,12.73
2023-08-10,12.78,12.78,12.08,12.16,12.16
2023-08-11,12.12,12.2,12,12.14,12.14
2023-08-14,12.03,12.23,12.02,12.2,12.2
2023-08-15,12.06,12.15,11.97,11.98,11.98
2023-08-16,11.9,12.03,11.8,11.81,11.81
2023-08-17,11.88,11.97,11.78,11.83,11.83
2023-08-18,11.73,12.02,11.72,11.96,11.96
2023-08-21,12.04,12.06,11.87,11.97,11.97
2023-08-22,12.01,12.03,11.84,11.87,11.87
2023-08-23,11.82,11.97,11.8,11.96,11.96
2023-08-24,11.89,11.93,11.75,11.75,11.75
2023-08-25,11.83,11.99,11.58,11.91,11.91
2023-08-28,11.95,12.06,11.85,11.9,11.9
2023-08-29,11.95,12.06,11.89,12.05,12.05
2023-08-30,12.07,12.15,12.01,12.03,12.03
2023-08-31,12.13,12.27,12.09,12.13,12.13
2023-09-01,12.16,12.27,12.04,12.14,12.14
2023-09-05,12.12,12.18,12.04,12.09,12.09
2023-09-06,12,12.11,11.83,12.07,12.07
2023-09-07,11.95,12.05,11.9,11.96,11.96
2023-09-08,11.97,12.36,11.97,12.3,12.3
2023-09-11,12.36,12.4,12.17,12.22,12.22
2023-09-12,12.23,12.59,12.22,12.45,12.45
2023-09-13,12.69,12.91,12.63,12.64,12.64
2023-09-14,12.61,12.7,12.41,12.62,12.62
2023-09-15,12.4,12.79,12.4,12.61,12.61
2023-09-18,12.5,12.52,12.25,12.34,12.34
2023-09-19,12.34,12.65,12.31,12.56,12.56
2023-09-20,12.65,12.67,12.35,12.36,12.36
2023-09-21,12.2,12.35,12.16,12.2,12.2
2023-09-22,12.5,12.77,12.41,12.43,12.43
2023-09-25,12.35,12.7,12.34,12.58,12.58
2023-09-26,12.49,12.66,12.37,12.43,12.43
2023-09-27,12.52,12.52,12.25,12.39,12.39