fecha,CO,NO,NO2,NOX,O3,PM10,PM25,SO2
2016-01-01,0.9622685185185184,13.831140350877194,29.712719298245613,43.56798245614035,33.471014492753625,115.33407079646018,86.90990990990991,21.11764705882353
2016-01-02,0.6106728538283063,7.929515418502203,21.08590308370044,29.006607929515415,24.540834845735027,42.10199004975125,24.50871080139373,5.218673218673219
2016-01-03,0.7114634146341463,16.601382488479263,26.64516129032258,43.26728110599078,19.58679245283019,45.24503311258278,28.20967741935484,17.517156862745097
2016-01-04,0.9169950738916256,33.43356643356643,31.664335664335663,65.14918414918415,9.396190476190476,57.624708624708624,39.48409893992933,12.17936117936118
2016-01-05,0.9910364145658264,49.72222222222222,24.65608465608465,74.37830687830687,17.697916666666668,35.97995991983968,21.185915492957747,2.5782493368700266
2016-01-06,0.6809976247030879,28.10089686098655,20.565022421524663,48.69730941704036,18.87921847246892,30.4369918699187,11.111702127659576,1.6094808126410836
2016-01-07,0.5441037735849057,19.013392857142858,20.770089285714285,39.816964285714285,21.68661971830986,26.66737288135593,9.575498575498576,1.420353982300885
2016-01-08,0.5764835164835165,20.79385964912281,22.396929824561404,43.19956140350877,22.16526138279933,32.295597484276726,10.45658263305322,1.4714912280701755
2016-01-09,0.6703016241299304,24.79814385150812,25.21345707656613,50.01624129930394,26.90747330960854,38.97867803837953,13.53295128939828,1.7428571428571429
2016-01-10,0.6180555555555556,16.52019002375297,21.63420427553444,38.1686460807601,16.76909722222222,27.02552204176334,8.932258064516128,1.3486842105263157
2016-01-11,0.8253968253968254,35.00269541778976,24.16981132075472,59.16711590296496,23.722672064777328,37.0304449648712,9.73941368078176,1.6240601503759398
2016-01-12,1.146875,49.83705357142857,38.783482142857146,88.60267857142857,13.93661971830986,54.22198275862069,19.502906976744185,2.982142857142857
2016-01-13,0.7836644591611479,21.74172185430464,29.249448123620308,50.99779249448124,14.921465968586388,25.38702460850112,11.801223241590217,5.09271523178808
2016-01-14,0.6786813186813186,25.47345132743363,18.101769911504423,43.57743362831859,16.721254355400696,17.32888888888889,6.941538461538461,1.3215859030837005
2016-01-15,0.9214912280701756,39.66228070175438,26.644736842105264,66.30263157894737,22.95644599303136,28.317226890756302,10.92090395480226,1.87280701754386
2016-01-16,1.462280701754386,66.90528634361233,37.20044052863436,104.1431718061674,15.177083333333334,54.40591966173361,21.055710306406684,2.8461538461538463
2016-01-17,1.2147869674185463,43.578947368421055,34.95488721804512,78.52882205513785,32.091633466135455,52.11974789915966,26.676880222841227,4.105263157894737
2016-01-18,1.095575221238938,39.5438202247191,37.80898876404494,77.36629213483145,28.615384615384617,58.91649269311065,25.30167597765363,3.1415929203539825
2016-01-19,0.9919821826280624,26.557522123893804,39.09734513274336,65.64380530973452,24.151142355008787,64.25646551724138,37.78151260504202,10.053452115812918
2016-01-20,1.0777070063694267,31.167848699763592,43.08274231678487,74.25531914893617,24.639455782312925,67.11066398390342,35.098404255319146,6.013513513513513
2016-01-21,1.215158371040724,49.662100456621005,42.98401826484018,92.64383561643837,28.524956970740103,64.90160642570281,30.18351063829787,5.661363636363636
2016-01-22,0.8469298245614035,19.60047281323877,37.52009456264776,57.14893617021277,40.81660899653979,60.3150406504065,28.77211796246649,5.362385321100917
2016-01-23,0.9270334928229664,34.72222222222222,37.96031746031746,72.64021164021165,32.62595419847328,60.41603053435114,29.30049261083744,8.02659574468085
2016-01-24,1.0983333333333334,28.81578947368421,40.24342105263158,69.06798245614036,42.5443686006826,74.8212927756654,39.997549019607845,4.064814814814815
2016-01-25,1.1433760683760683,33.2247191011236,45.986516853932585,79.22247191011236,38.3458110516934,79.22986247544205,35.58080808080808,3.2995391705069124
2016-01-26,0.6143157894736843,16.033259423503328,27.78713968957872,43.78270509977827,23.103146853146853,48.5390625,17.400510204081634,2.206140350877193
2016-01-27,0.6046315789473684,28.11111111111111,20.38888888888889,48.5162037037037,23.708967851099832,43.09126984126984,11.046035805626598,2.1826280623608016
2016-01-28,0.9474358974358974,23.189526184538654,44.229426433915215,67.37406483790524,17.707401032702236,75.29508196721312,43.10659898477157,12.413870246085011
2016-01-29,1.8318181818181816,75.80654761904762,72.19345238095238,148.00595238095238,11.556,111.044,54.46928746928747,22.428571428571427
2016-01-30,1.362637362637363,59.4264705882353,47.56127450980392,106.96813725490196,22.7779632721202,80.69540229885058,36.70149253731344,3.7270916334661353
2016-01-31,0.8685714285714285,21.3980343980344,32.45454545454545,53.83538083538083,29.09515859766277,42.79389312977099,21.444444444444443,2.495029821073558
2016-02-01,0.8219780219780219,21.279411764705884,30.67156862745098,51.9436274509804,34.60100166944908,54.31643002028397,24.010526315789477,2.769383697813121
2016-02-02,0.8696703296703296,36.14742014742015,29.84275184275184,66.01719901719902,25.918333333333333,41.32919254658385,14.45989304812834,2.2043650793650795
2016-02-03,1.02560706401766,43.3743842364532,36.98522167487685,80.32019704433498,29.812395309882746,62.80448065173116,23.98123324396783,3.2315369261477045
2016-02-04,0.9415189873417722,29.487323943661973,43.29577464788732,72.76901408450705,33.61730769230769,93.10978043912176,49.409921671018274,27.66590909090909
2016-02-05,0.966741573033708,28.58291457286432,45.69095477386934,74.29145728643216,37.09044368600683,72.9070707070707,34.37765957446808,17.49798387096774
2016-02-06,0.8203947368421053,25.20343137254902,37.68872549019608,62.91421568627451,34.35666666666667,78.37424547283702,33.606770833333336,14.36111111111111
2016-02-07,0.7427631578947368,19.32758620689655,36.785714285714285,56.1551724137931,30.33333333333333,52.35757575757576,28.58485639686684,17.208333333333332
2016-02-08,0.8070175438596491,37.86197916666666,32.325520833333336,70.13541666666667,25.195,77.34791666666666,27.148541114058357,15.047619047619047
2016-02-09,0.6171052631578947,12.465686274509803,32.81127450980392,45.2671568627451,22.33333333333333,54.37903225806452,25.08355091383812,12.721669980119284
2016-02-10,0.7451127819548872,22.685393258426966,37.90730337078652,60.592696629213485,16.96564885496183,59.57936507936508,33.00262467191601,25.55454545454545
2016-02-11,0.7938053097345132,29.374384236453203,36.8128078817734,66.20443349753694,28.02675585284281,61.48,31.11488250652741,16.647410358565736
2016-02-12,0.668640350877193,28.135135135135137,30.914004914004916,59.07125307125307,28.25542570951586,58.82424242424243,22.6710875331565,11.398809523809524
2016-02-13,0.5570175438596491,18.164619164619165,28.538083538083537,46.67567567567568,28.707846410684475,54.544921875,22.487562189054728,13.700396825396826
2016-02-14,0.8995614035087719,23.28186274509804,37.94117647058823,61.21078431372549,40.31,88.0190114068441,59.12990196078432,15.77579365079365
2016-02-15,1.0323529411764707,36.75380710659898,43.31472081218274,80.03299492385787,37.525597269624576,82.4209486166008,39.861182519280206,6.428571428571429
2016-02-16,0.8962311557788945,29.105105105105107,44.51951951951952,73.61261261261261,42.08045977011494,73.59375,32.765957446808514,5.186788154897494
2016-02-17,0.7884705882352941,38.61290322580645,31.75537634408602,70.38172043010752,27.647959183673468,71.54149377593362,22.386301369863013,3.5386178861788617
2016-02-18,0.82421875,30.758333333333333,42.87222222222222,73.64722222222223,35.60034904013962,76.26722338204593,35.67368421052632,15.857442348008384
2016-02-19,0.8843915343915344,31.63771712158809,41.059553349875934,72.73200992555832,37.22968197879859,86.74315789473684,39.222811671087534,25.19578947368421
2016-02-20,0.715485564304462,21.307125307125308,38.71744471744472,60.02211302211303,36.79755671902269,74.41772151898734,40.91315789473684,26.32075471698113
2016-02-21,0.821875,16.72972972972973,36.42997542997543,53.11793611793612,49.28472222222222,72.7737843551797,40.268929503916446,10.614583333333334
2016-02-22,0.7996587030716724,26.732142857142858,33.205357142857146,59.93154761904762,44.14884696016772,77.99365750528541,31.911845730027547,4.206030150753769
2016-02-23,0.6729528535980149,18.96401028277635,30.917737789203084,49.88946015424165,41.68495575221239,62.406047516198704,25.09116809116809,3.0798319327731094
2016-02-24,0.7105,12.96031746031746,36.026455026455025,49.00529100529101,38.11032028469751,88.22641509433963,35.85515320334262,9.908315565031982
2016-02-25,0.7446759259259259,23.32089552238806,36.38059701492537,59.66915422885573,39.54713804713805,85.20518358531318,35.63037249283668,21.94291754756871
2016-02-26,0.7590476190476191,19.241975308641976,36.29876543209877,55.5283950617284,40.48979591836735,77.58369098712447,39.537433155080215,15.85897435897436
2016-02-27,0.5720279720279721,10.376847290640391,30.69704433497537,41.04679802955665,29.40268456375839,56.55555555555556,34.96031746031746,13.9832285115304
2016-02-28,0.521859296482412,7.565333333333333,22.872,30.418666666666667,33.575367647058826,37.0615711252654,24.131233595800524,2.929705215419501
2016-02-29,0.6702882483370288,17.03271028037383,29.94158878504673,46.98831775700935,32.62662337662338,50.53879310344828,29.306451612903224,7.985971943887775
2016-03-01,0.8196467991169978,21.4037558685446,34.96948356807512,56.32863849765258,24.593851132686083,51.01902748414376,29.37333333333333,2.706
2016-03-02,0.7891402714932126,22.432242990654206,32.6892523364486,55.14252336448598,13.811993517017829,36.09090909090909,22.22311827956989,6.062124248496994
2016-03-03,0.9347319347319348,35.58313817330211,31.229508196721312,66.79625292740047,25.06655844155844,46.705263157894734,26.515625,3.4475806451612905
2016-03-04,0.5061503416856492,9.803695150115471,22.72055427251732,32.51270207852194,29.703225806451613,32.94933920704846,15.168508287292818,2.5404339250493098
2016-03-05,0.5591885441527447,17.45088161209068,23.639798488664987,41.11586901763224,34.118374558303884,35.521186440677965,17.091397849462364,4.262472885032538
2016-03-06,0.5841004184100418,11.951219512195122,24.583148558758317,36.53880266075388,39.69969040247678,39.432203389830505,21.29177718832891,2.8612167300380227
2016-03-07,0.5494736842105263,11.738359201773836,22.88248337028825,34.58758314855876,34.88235294117647,43.77070063694268,19.305039787798407,1.5608365019011408
2016-03-08,0.3711827956989247,7.520879120879121,14.041758241758242,21.564835164835166,28.57987220447284,37.69976905311778,11.581120943952802,1.25390625
2016-03-09,0.3663157894736842,5.883905013192612,10.525065963060689,16.398416886543536,24.64225941422594,10.925806451612903,4.609756097560975,1.0
2016-03-10,0.2930174563591022,2.968215158924205,10.374083129584353,13.312958435207824,46.04382470119522,17.25901639344262,5.087412587412588,0.8455882352941176
2016-03-11,0.4915841584158416,12.656836461126003,20.648793565683647,33.310991957104555,38.649237472766885,20.3854748603352,7.238244514106583,1.0981912144702843
2016-03-12,0.7424947145877379,21.39675174013921,33.82830626450116,55.24825986078886,44.88203266787659,44.148337595907925,22.07317073170732,1.7841409691629957
2016-03-13,0.7912280701754386,15.666666666666666,35.589371980676326,51.29951690821256,52.46983546617916,53.140957446808514,30.619760479041915,2.939814814814815
2016-03-14,0.8832258064516129,22.667487684729064,39.32758620689656,62.03448275862069,53.8615664845173,64.83689839572193,35.75297619047619,3.027906976744186
2016-03-15,0.7741666666666667,22.025641025641026,37.45687645687646,59.46620046620047,46.803333333333335,63.608108108108105,30.801136363636363,3.250526315789473
2016-03-16,0.7916044776119403,21.47647058823529,36.70392156862745,58.188235294117646,45.17862371888726,65.46170212765958,32.99147727272727,5.24169741697417
2016-03-17,0.7302521008403361,17.053811659192824,33.24439461883408,50.26008968609865,47.195615514333895,62.125531914893614,36.16477272727273,3.940265486725664
2016-03-18,0.6125461254612546,18.844444444444445,28.216161616161617,47.084848484848486,28.167904903417533,49.12770562770563,23.79656160458453,3.483495145631068
2016-03-19,0.4669691470054447,17.231732776617953,21.359081419624214,38.55741127348643,23.38753799392097,33.2609649122807,12.310650887573964,1.510054844606947
2016-03-20,0.4475499092558984,7.608349900596422,22.68986083499006,30.274353876739564,24.19672131147541,47.61087866108787,24.01675977653631,11.328493647912886
2016-03-21,0.5934782608695652,12.089285714285714,28.72023809523809,40.78769841269841,21.11458333333333,48.05636743215031,25.018372703412076,9.148550724637682
2016-03-22,0.6915129151291513,25.07615230460922,31.715430861723448,56.79358717434869,22.726315789473684,58.791011235955054,26.902298850574716,14.736648250460403
2016-03-23,0.676875,28.798561151079134,25.546762589928058,54.35491606714629,19.916666666666668,53.79028697571744,22.06703910614525,2.8766233766233764
2016-03-24,0.5465201465201466,24.30208333333333,19.666666666666668,43.97291666666667,18.621329211746524,38.83221476510067,15.625352112676056,1.8159392789373812
2016-03-25,0.4094202898550724,10.327380952380953,15.476190476190476,25.813492063492063,21.02380952380953,32.62447257383966,15.30971128608924,1.9365942028985508
2016-03-26,0.3188747731397459,5.908183632734531,13.542914171656689,19.49700598802395,23.849478390462,22.0,9.447089947089948,1.1687840290381126
2016-03-27,0.479890310786106,10.477822580645162,19.52822580645161,30.008064516129032,32.61169415292354,32.06866952789699,13.854111405835544,2.098003629764065
2016-03-28,0.5733333333333334,14.70276008492569,24.774946921443732,39.48619957537155,28.63063063063063,45.08842105263158,19.652631578947368,6.196940726577438
2016-03-29,0.6038461538461538,26.872289156626508,23.64578313253012,50.53975903614458,28.61406518010292,43.44161358811041,17.088,2.0131291028446388
2016-03-30,0.621123595505618,20.314769975786923,26.062953995157383,46.37772397094431,32.85463258785943,50.16867469879518,18.803174603174604,1.9163090128755365
2016-03-31,0.5840354767184035,17.695550351288055,25.592505854800937,43.31615925058548,35.99375,51.51225490196079,21.54313099041533,1.8610526315789475
2016-04-01,0.4621129326047359,15.252988047808763,17.752988047808763,33.05179282868526,22.090529247910865,39.93735498839907,12.770149253731343,1.5238095238095235
2016-04-02,0.5566202090592335,17.816733067729082,21.165338645418327,38.91434262948207,22.637883008356543,49.625,18.67323943661972,4.606463878326996
2016-04-03,0.5855855855855856,8.270325203252032,24.22560975609756,32.540650406504064,30.52116788321168,56.04878048780488,30.19777158774373,15.710982658959535
2016-04-04,0.7810204081632653,25.292740046838407,29.770491803278688,55.03278688524591,44.66498316498316,63.3752808988764,28.905555555555555,15.408119658119658
2016-04-05,0.7504347826086957,21.955645161290324,31.02822580645161,53.0,47.80287769784173,67.83796296296296,30.817109144542773,13.010909090909092
2016-04-06,0.7133105802047781,21.674463937621837,29.55360623781677,51.23586744639376,48.71508379888268,75.5614849187935,29.47023809523809,5.78
2016-04-07,0.68500823723229,12.4,30.28952380952381,42.70095238095238,51.966850828729285,71.61556064073227,34.054597701149426,4.33678756476684
2016-04-08,0.8214983713355049,19.04832713754647,32.53903345724907,51.56877323420074,47.52941176470589,80.78807947019868,40.11864406779661,11.154237288135594
2016-04-09,0.77223113964687,15.273789649415694,30.18030050083473,45.454090150250416,47.407806191117096,68.75991649269311,36.75195822454308,6.10593900481541
2016-04-10,0.6544973544973545,8.58206106870229,24.04580152671756,32.60114503816794,48.26113671274962,53.64435146443515,29.947916666666668,2.470695970695971
2016-04-11,0.7818885448916408,20.16193656093489,28.848080133555925,49.01669449081803,45.44054054054054,63.99788583509514,30.91383812010444,2.7475409836065574
2016-04-12,0.7220472440944882,17.142614601018675,26.95076400679117,44.125636672325975,42.73455978975033,67.03800475059383,30.052777777777777,3.259322033898305
2016-04-13,0.71957928802589,18.14788732394366,26.320422535211268,44.45070422535211,43.62696335078534,69.98831775700934,31.16809116809117,3.1824561403508773
2016-04-14,0.6262376237623762,15.30091743119266,24.822018348623853,40.086238532110094,38.093117408906885,65.29372197309416,32.92368421052632,8.098245614035088
2016-04-15,0.6776068376068376,25.26944971537002,25.620493358633777,50.8842504743833,37.21900826446281,59.67289719626168,24.885117493472585,2.414990859232176
2016-04-16,0.5992409867172676,15.56694560669456,24.13807531380753,39.71338912133891,41.72445820433437,61.002242152466366,28.354497354497354,2.7034068136272547
2016-04-17,0.5859903381642512,6.388384754990925,22.782214156079856,29.16696914700545,51.40860215053763,61.40397350993378,31.83727034120735,3.6788194444444446
2016-04-18,0.7877650897226753,17.855805243445694,32.19850187265918,50.048689138576776,32.33423913043478,67.85681818181818,32.51373626373626,5.042328042328043
2016-04-19,0.8311336717428088,25.562753036437247,29.91497975708502,55.47773279352226,32.16551724137931,62.16385542168675,37.16285714285714,2.0091911764705883
2016-04-20,0.7795774647887324,18.82039911308204,29.984478935698448,48.77161862527716,26.6577840112202,49.91293532338308,31.942942942942945,1.6191369606003752
2016-04-21,0.6949066213921902,15.491452991452991,26.655982905982903,42.14102564102564,30.60300136425648,32.46726862302483,22.74425287356322,1.5378927911275415
2016-04-22,0.8514440433212996,16.89125295508274,34.19385342789598,51.0307328605201,30.926940639269407,34.87076271186441,21.6246719160105,1.4735772357723578
2016-04-23,0.8640650406504065,25.96316758747698,30.78637200736648,56.75690607734806,21.5958815958816,47.29872881355932,28.187830687830687,2.0141342756183747
2016-04-24,0.5980738362760835,14.842391304347826,17.719202898550726,32.57789855072464,30.33333333333333,29.348387096774196,18.357333333333333,1.4094202898550725
2016-04-25,0.7832512315270936,27.46715328467153,27.74270072992701,55.24452554744526,30.85971685971686,43.794582392776526,20.08732394366197,1.8178571428571428
2016-04-26,0.7384370015948963,26.789077212806028,26.05084745762712,52.87570621468927,26.720416124837453,47.61123595505618,21.324786324786324,1.987910189982729
2016-04-27,0.70890625,22.93439716312057,25.916666666666668,48.861702127659576,42.23949044585987,49.38562091503268,20.78846153846154,1.9835526315789476
2016-04-28,0.8185251798561151,24.212475633528264,30.898635477582847,55.12085769980507,48.92386530014641,61.83451536643026,29.201807228915666,2.136448598130841
2016-04-29,0.6851968503937008,21.060390763765543,26.094138543516877,47.172291296625225,29.219895287958117,47.18918918918919,20.72537313432836,1.7401960784313726
2016-04-30,0.8104333868378812,23.038112522686024,33.36842105263158,56.42468239564428,39.87466307277628,50.597647058823526,26.871866295264624,2.0716666666666668
2016-05-01,0.8043343653250774,15.610434782608696,32.568695652173915,48.21391304347826,47.93342036553525,51.73601789709172,28.209631728045327,2.1414790996784565
2016-05-02,0.8855555555555555,24.10544815465729,33.45166959578207,57.57469244288225,54.75265957446808,75.13846153846154,35.994565217391305,3.81786941580756
2016-05-03,0.8561344537815126,9.693121693121691,28.32804232804233,38.022927689594354,55.46883468834688,91.82286995515696,57.20634920634921,5.9526315789473685
2016-05-04,0.858984375,16.68143459915612,30.803797468354432,47.472573839662445,57.53495440729483,79.49680170575692,49.31937172774869,3.469879518072289
2016-05-05,0.6251633986928105,12.516873889875669,24.29662522202487,36.792184724689164,41.17601043024772,54.04228329809725,27.593667546174142,9.297619047619047
2016-05-06,0.6773162939297125,16.35472972972973,27.467905405405407,43.81925675675676,41.24302788844621,53.54185022026432,24.620967741935484,11.530927835051546
2016-05-07,0.6030448717948718,14.396666666666668,26.348333333333333,40.77666666666666,37.18733153638814,44.91452991452992,16.63903743315508,2.1753472222222223
2016-05-08,0.5709428129829984,7.520868113522537,22.858096828046744,30.38397328881469,46.33588761174968,45.41880341880342,22.201072386058986,4.929883138564274
2016-05-09,0.7217460317460317,13.356164383561644,26.503424657534246,39.90068493150685,46.3782722513089,53.038216560509554,30.99475065616798,3.365771812080537
2016-05-10,0.6581818181818182,13.034749034749035,25.45173745173745,38.5019305019305,52.6051051051051,46.09188034188034,28.27368421052632,3.453531598513011
2016-05-11,0.737223974763407,16.7831541218638,30.508960573476703,47.299283154121866,36.08897742363878,46.88164251207729,32.6053412462908,2.910891089108911
2016-05-12,0.610691823899371,12.357015985790408,26.03197158081705,38.36234458259325,35.27882037533512,42.87272727272728,28.99425287356322,4.787828947368421
2016-05-13,0.5145339652448657,10.795373665480428,21.476868327402133,32.29715302491103,38.594919786096256,45.6745182012848,26.610795454545453,1.380952380952381
2016-05-14,0.5256172839506172,6.128472222222222,22.87152777777778,28.96180555555556,49.35546875,53.41513292433538,35.38636363636363,4.290064102564102
2016-05-15,0.6195348837209302,5.827526132404182,26.02961672473868,31.8397212543554,33.417808219178085,40.0041928721174,26.633245382585752,4.337620578778135
2016-05-16,0.720242214532872,14.265503875968992,29.463178294573645,43.73837209302326,35.528125,38.602910602910605,23.619302949061662,1.5933456561922366
2016-05-17,0.7706505295007564,20.570458404074703,33.31748726655348,53.88624787775891,43.46390374331551,47.80492813141684,25.849206349206348,2.088282504012841
2016-05-18,0.9538931297709924,22.56369982547993,40.43979057591623,62.99825479930192,38.05555555555556,54.07068607068607,31.315656565656564,1.934609250398724
2016-05-19,0.7194006309148265,18.08137432188065,30.180831826401448,48.24050632911393,42.462745098039214,48.96995708154506,29.44533333333333,2.0757097791798107
2016-05-20,0.7331782945736434,19.937722419928825,31.02846975088968,51.00711743772242,55.7609561752988,60.70488322717622,34.03013698630137,3.389489953632149
2016-05-21,0.5848254931714719,7.0,24.925217391304347,31.914782608695653,51.9366576819407,56.609271523178805,40.24566473988439,1.9402985074626864
2016-05-22,0.5042328042328043,4.859126984126984,20.871031746031747,25.724206349206348,60.473118279569896,43.61276595744681,29.45633802816901,2.644557823129252
2016-05-23,0.5133956386292835,6.144981412639405,24.280669144981413,30.431226765799256,47.33057851239669,43.54186046511628,25.31547619047619,2.190031152647975
2016-05-24,0.6989130434782609,18.31168831168831,29.211502782931355,47.51762523191095,47.67379679144385,47.53679653679654,27.38567493112948,2.001610305958132
2016-05-25,0.676605504587156,17.301498127340825,29.129213483146067,46.4250936329588,46.94854881266491,44.5720823798627,23.44959128065395,1.65424739195231
2016-05-26,0.72609375,12.342391304347826,32.608695652173914,44.958333333333336,38.30800542740841,50.933638443935926,30.66481994459834,4.355421686746988
2016-05-27,0.7609281437125749,15.049036777583188,32.77758318739054,47.81260945709282,40.831372549019605,46.92592592592592,30.525606469002696,2.2528901734104045
2016-05-28,0.5362862010221465,7.081510934393638,23.266401590457257,30.34791252485089,51.04172876304024,39.0,26.48684210526316,3.1463815789473686
2016-05-29,0.5102009273570325,5.76,20.396521739130435,26.14608695652174,41.61277705345502,32.740425531914894,23.33070866141732,1.2705035971223022
2016-05-30,0.7128824476650564,17.221033868092693,27.40106951871658,44.62032085561497,34.2390438247012,49.31151241534989,30.42165242165242,3.096096096096096
2016-05-31,0.7607198748043819,20.488970588235293,29.21139705882353,49.67463235294117,42.23815789473685,47.58064516129032,27.31578947368421,2.2857142857142856
2016-06-01,0.7254872563718141,13.98473282442748,29.748091603053435,43.74809160305343,42.16557161629435,49.59442060085837,33.677581863979846,2.2217194570135748
2016-06-02,0.6302114803625377,8.036538461538461,28.153846153846157,36.167307692307695,41.59016393442623,33.137339055793994,23.2984693877551,1.995475113122172
2016-06-03,0.6494827586206896,14.726315789473684,29.70947368421053,44.40210526315789,34.71111111111111,39.208,24.754950495049503,4.931438127090301
2016-06-04,0.5516642547033285,13.833916083916083,27.10664335664336,40.94755244755245,36.93392630241423,34.149068322981364,16.733167082294266,3.3225806451612905
2016-06-05,0.5001438848920863,6.36695652173913,22.323478260869564,28.72695652173913,41.97724399494311,31.26305220883534,22.49140049140049,3.446453407510431
2016-06-06,0.689327485380117,13.484098939929329,31.353356890459363,44.803886925795055,38.39686684073107,38.31896551724138,25.70976253298153,1.9913169319826336
2016-06-07,0.7503692762186115,16.95017793594306,33.980427046263344,50.90925266903915,40.60958904109589,50.00213219616205,33.14248704663213,6.704268292682927
2016-06-08,0.744963503649635,18.808098591549296,34.07394366197183,52.90669014084507,44.207317073170735,44.94141414141414,26.18351063829787,2.057142857142857
2016-06-09,0.6544991511035654,10.656903765690377,29.993723849372383,40.66945606694561,51.55988023952096,48.99594320486816,30.2191435768262,6.841918294849023
2016-06-10,0.6537993920972645,10.891459074733095,31.43594306049822,42.32562277580071,42.47612732095491,48.840085287846485,30.40966921119593,2.9032738095238093
2016-06-11,0.6235382308845577,8.08922558922559,27.22222222222222,35.30639730639731,31.313937753721245,34.69102296450939,25.245569620253164,2.6416791604197902
2016-06-12,0.4795522388059701,7.591596638655462,19.030252100840336,26.6,32.13090418353576,27.591093117408903,18.42643391521197,3.2223880597014927
2016-06-13,0.4575,8.884615384615385,20.655594405594407,29.54020979020979,32.81430536451169,22.06813627254509,13.233668341708542,2.7534883720930234
2016-06-14,0.4993537964458804,12.35273368606702,21.37389770723104,33.71604938271605,31.84692417739628,28.22680412371134,14.56396866840731,2.3732928679817906
2016-06-15,0.3700692041522491,8.429942418426103,13.54510556621881,21.93090211132437,20.83917197452229,14.977366255144032,5.430894308943089,1.36986301369863
2016-06-16,0.4477341389728096,9.601694915254235,19.08135593220339,28.6864406779661,30.17902097902098,27.00403225806452,10.626315789473685,1.6435045317220545
2016-06-17,0.5759090909090909,13.619932432432432,23.75168918918919,37.35641891891892,36.876577840112205,37.41914893617021,22.70080862533693,5.572262773722628
2016-06-18,0.3813153961136024,6.232830820770519,16.366834170854272,22.55276381909548,37.98162729658792,33.83716075156576,19.34065934065934,1.8658008658008656
2016-06-19,0.2990853658536585,3.6044520547945207,11.863013698630136,15.467465753424657,31.240641711229948,18.704444444444444,10.466275659824047,1.8147058823529407
2016-06-20,0.4210762331838565,8.656896551724138,17.755172413793105,26.4,18.57372654155496,15.524625267665954,8.632947976878613,4.597325408618127
2016-06-21,0.4762975778546713,11.90080971659919,16.75910931174089,28.70242914979757,19.85308056872038,15.825557809330627,8.231607629427794,1.3287435456110157
2016-06-22,0.4252252252252252,8.691901408450704,18.34683098591549,27.017605633802816,30.1438263229308,24.536585365853657,11.53225806451613,2.330316742081448
2016-06-23,0.5978947368421053,15.492091388400702,25.755711775043935,41.2390158172232,31.73748308525034,36.36872586872587,19.43564356435644,6.243202416918429
2016-06-24,0.7146926536731634,21.47460595446585,29.61646234676007,51.07880910683012,27.745098039215687,47.602316602316606,25.75,4.201807228915663
2016-06-25,0.6277456647398844,11.044943820224718,24.5569823434992,35.57624398073836,27.574358974358976,39.73603082851638,27.82908163265306,3.756983240223464
2016-06-26,0.5579710144927537,7.830097087378641,19.862459546925567,27.6747572815534,23.370038412291933,23.756335282651072,17.554156171284635,1.702928870292887
2016-06-27,0.5432478632478632,13.595238095238097,20.726190476190474,34.2718253968254,28.808049535603715,23.259183673469387,14.868073878627968,1.4365733113673806
2016-06-28,0.4085271317829457,7.5,17.496539792387544,25.03287197231834,32.78532608695652,22.53688524590164,11.704787234042554,1.1428571428571428
2016-06-29,0.4725239616613418,8.2003367003367,21.393939393939394,29.595959595959595,35.445910290237464,28.21031746031746,14.869897959183673,2.462235649546828
2016-06-30,0.6302675585284281,13.294320137693632,26.225473321858864,39.51635111876076,36.06349206349206,32.39453125,19.785353535353536,1.116719242902208
2016-07-01,0.6600938967136151,12.71985815602837,27.0,39.68794326241135,26.657219973009447,30.512670565302145,19.82089552238806,2.7625786163522013
2016-07-02,0.6248511904761905,15.111304347826088,23.808695652173917,38.88695652173913,30.37070063694268,28.206500956022943,18.09925558312655,3.250386398763524
2016-07-03,0.515625,10.645714285714286,18.994285714285716,29.66095238095238,40.37724550898204,25.562141491395792,14.456575682382134,2.491496598639456
2016-07-04,0.662463768115942,14.91891891891892,27.52364864864865,42.43074324324324,38.971974522293,35.9752380952381,22.43456790123457,3.785822021116138
2016-07-05,0.5060693641618497,8.735483870967743,23.92258064516129,32.66290322580645,39.0941475826972,22.331417624521077,11.994736842105263,2.938622754491018
2016-07-06,0.6206095791001451,12.320967741935483,29.232258064516127,41.54354838709678,31.201799485861184,26.14792899408284,15.6,2.330769230769231
2016-07-07,0.6502183406113538,19.466666666666665,26.09430894308943,45.572357723577234,31.712628865979383,37.009671179883945,20.925925925925927,4.032863849765258
2016-07-08,0.6436231884057971,18.829032258064515,25.587096774193547,44.40967741935484,38.42763157894737,42.53877551020408,21.994366197183098,2.124416796267496
2016-07-09,0.4595394736842105,11.31868131868132,17.935897435897434,29.223443223443223,35.210287443267774,35.79022403258656,16.136986301369863,1.6507936507936507
2016-07-10,0.4706336939721793,6.147157190635451,18.232441471571907,24.3494983277592,36.263945578231294,43.600401606425706,23.19736842105263,4.8809891808346215
2016-07-11,0.4837662337662338,11.741042345276872,18.42671009771987,30.180781758957654,15.26994680851064,27.468302658486703,11.561827956989248,3.2448979591836733
2016-07-12,0.5795918367346938,12.756622516556291,23.814569536423843,36.56953642384106,20.94967741935484,24.51881188118812,13.58673469387755,1.8987915407854985
2016-07-13,0.5668188736681887,16.004950495049506,24.024752475247524,40.01815181518152,27.56892230576441,33.95850622406639,19.95744680851064,3.0171428571428573
2016-07-14,0.5943910256410256,15.049319727891156,24.56972789115646,39.61734693877551,25.651399491094143,33.52412280701754,18.65675675675676,1.6602658788774003
2016-07-15,0.5853356890459364,19.116412213740457,21.72519083969466,40.849236641221374,34.71531791907515,58.21032504780115,26.253101736972702,2.9697933227344997
2016-07-16,0.5100600600600601,12.66722408026756,22.00334448160535,34.67056856187291,30.927835051546392,48.97904761904762,22.81074168797954,4.871866295264624
2016-07-17,0.4665144596651446,5.523156089193825,18.480274442538597,23.945111492281303,36.285714285714285,25.51456310679612,17.818666666666665,1.8945147679324892
2016-07-18,0.46656,8.76,19.045454545454547,27.841818181818184,32.3077975376197,25.383442265795207,15.382262996941895,1.9125188536953244
2016-07-19,0.3049612403100775,4.6812609457092815,12.828371278458844,17.50262697022767,29.41379310344828,16.50315789473684,7.109090909090909,0.7969924812030075
2016-07-20,0.2953383458646617,3.890016920473773,13.104906937394247,16.988155668358715,34.531531531531535,17.253036437246962,6.059490084985836,0.7028571428571428
2016-07-21,0.4648054145516074,6.448543689320388,21.4252427184466,27.8873786407767,29.57725947521866,21.955734406438637,12.26027397260274,2.0420032310177705
2016-07-22,0.5133846153846154,11.512280701754388,22.00526315789474,33.51929824561404,24.036363636363635,19.64876033057851,13.60932944606414,1.4695652173913043
2016-07-23,0.3553383458646617,7.287096774193548,15.14516129032258,22.451612903225808,21.727728983688834,17.675350701402806,8.72191011235955,1.8541374474053296
2016-07-24,0.5134730538922155,9.546774193548387,19.98548387096774,29.516129032258064,30.98385093167702,27.08637236084453,16.79155672823219,3.594972067039106
2016-07-25,0.4782012195121951,9.572173913043478,20.038260869565217,29.615652173913045,32.81544502617801,33.02750491159136,21.208,7.130624092888244
2016-07-26,0.5640179910044978,12.905982905982906,23.57948717948718,36.47521367521367,35.3564875491481,29.759615384615383,17.925729442970823,1.128358208955224
2016-07-27,0.652695652173913,16.501923076923077,26.157692307692308,42.68846153846154,33.95626822157434,43.79190751445087,27.816,9.697986577181208
2016-07-28,0.7013953488372093,22.093959731543624,28.11241610738255,50.22651006711409,22.51204055766793,30.477186311787072,16.466487935656836,2.335787923416789
2016-07-29,0.5899236641221374,11.979933110367892,25.775919732441476,37.76421404682274,33.480254777070066,31.042471042471043,18.06417112299465,2.052863436123348
2016-07-30,0.5232035928143712,9.90420168067227,21.65882352941177,31.54117647058824,26.42118226600985,22.752417794970988,14.488063660477454,1.273121387283237
2016-07-31,0.4955156950672645,7.431666666666667,19.311666666666667,26.725,26.49379652605459,29.546511627906977,21.041322314049587,7.640287769784172
2016-08-01,0.5198664440734557,10.89402697495183,21.184971098265898,32.06936416184971,31.784682080924856,38.65338645418327,19.25842696629213,3.229096989966555
2016-08-02,0.5635714285714286,11.02008032128514,22.80722891566265,33.83935742971887,38.2638036809816,36.18163265306122,22.71629213483146,6.259856630824372
2016-08-03,0.5028436018957346,12.017152658662091,20.76843910806175,32.79245283018868,34.11553273427471,34.02008032128514,18.058666666666667,1.6783536585365857
2016-08-04,0.3966876971608832,11.387205387205388,16.223905723905723,27.63468013468013,29.02671755725191,25.59844054580897,11.615776081424936,1.855439642324888
2016-08-05,0.3737089201877934,6.897785349233391,14.916524701873936,21.8603066439523,19.649616368286445,20.82897384305835,8.694300518134716,1.1507042253521127
2016-08-06,0.4739910313901345,8.828333333333333,17.57,26.42333333333333,17.93854033290653,13.288577154308618,7.785145888594164,1.565459610027855
2016-08-07,0.4082317073170731,6.396321070234114,13.377926421404682,19.755852842809364,18.538853503184715,10.553319919517104,5.184281842818428,0.8746518105849582
2016-08-08,0.7347272727272727,20.72058823529412,25.72058823529412,46.45378151260504,16.915328467153284,17.814889336016098,9.380697050938338,1.273615635179153
2016-08-09,0.6681268882175226,14.860232945091514,24.116472545757077,38.94342762063228,30.57307692307692,26.24130879345603,16.290575916230367,1.3748231966053748
2016-08-10,0.5728787878787879,11.977309562398704,24.07617504051864,36.07131280388979,25.231754161331622,23.04320987654321,11.526315789473683,1.53954802259887
2016-08-11,0.6820276497695853,20.63621533442088,26.26916802610114,46.92332789559544,37.3446033810143,43.42448979591837,23.09189189189189,4.915254237288136
2016-08-12,0.7510172143974961,23.29383116883117,30.477272727272727,53.785714285714285,34.84415584415584,45.77644710578842,24.62903225806452,3.577683615819209
2016-08-13,0.683609022556391,21.59259259259259,25.244766505636072,46.86312399355877,38.005102040816325,41.10526315789474,21.44240837696335,2.756267409470752
2016-08-14,0.5077319587628866,9.940959409594097,18.45387453874539,28.45018450184502,41.405523255813954,34.220408163265304,18.735294117647054,6.921696574225122
2016-08-15,0.435575485799701,10.660655737704918,16.518032786885247,27.16393442622951,29.343264248704664,32.13087934560327,15.194666666666668,2.022824536376605
2016-08-16,0.4141353383458647,6.993185689948893,16.804088586030666,23.78534923339012,22.009345794392523,22.751012145748987,10.917333333333334,1.2433234421364985
2016-08-17,0.5570324574961361,12.235701906412478,21.440207972270365,33.61005199306759,23.140161725067387,28.563318777292576,14.891061452513966,1.594135802469136
2016-08-18,0.4080996884735202,7.701570680628272,16.005235602094242,23.694589877835952,25.126315789473683,20.76129032258065,9.361581920903957,1.799093655589124
2016-08-19,0.5349529780564264,11.63008849557522,21.96283185840708,33.598230088495576,29.33860342555995,25.470338983050848,13.147540983606556,2.2099697885196377
2016-08-20,0.5969534050179212,10.491596638655462,25.363445378151265,35.857142857142854,36.608231707317074,26.15042372881356,16.909574468085108,1.8297872340425527
2016-08-21,0.6007727975270479,10.47005444646098,23.885662431941924,34.35753176043557,27.11036339165545,26.43496801705757,17.278514588859416,2.819672131147541
2016-08-22,0.6264516129032258,17.4263862332696,23.705544933078396,41.120458891013385,27.471408647140866,29.363256784968684,17.41994750656168,4.108064516129033
2016-08-23,0.5487055016181229,11.29310344827586,23.78735632183908,35.065134099616856,29.993169398907103,30.152610441767067,17.1984126984127,4.923948220064725
2016-08-24,0.64185667752443,13.66542750929368,26.189591078066915,39.83271375464684,25.93646408839779,29.055441478439427,18.83656509695291,2.3448275862068964
2016-08-25,0.656836902800659,13.674074074074074,27.44814814814815,41.12407407407407,33.96978021978022,29.070967741935483,20.03631284916201,2.625
2016-08-26,0.7362132352941176,16.295833333333334,32.30416666666667,48.610416666666666,32.749588138385505,38.91011235955056,26.33431952662722,3.246777163904236
2016-08-27,0.4534072900158478,8.144981412639405,21.193308550185872,29.356877323420075,33.044137931034484,36.58371040723982,23.832236842105264,4.924170616113744
2016-08-28,0.4126198083067092,5.00750469043152,16.926829268292682,21.915572232645403,34.645390070921984,29.112171837708832,19.010416666666668,5.972886762360447
2016-08-29,0.4759615384615385,8.532803180914513,19.68389662027833,28.182902584493043,33.166906474820145,27.049411764705884,17.645614035087718,1.4583333333333333
2016-08-30,0.4857835218093699,11.751503006012024,19.58517034068136,31.306613226452907,36.55377906976744,34.50635593220339,19.55820895522388,1.645
2016-08-31,0.4731511254019293,12.942231075697212,20.33864541832669,33.25099601593625,36.77746870653686,37.93248945147679,18.759036144578317,3.517529215358932
2016-09-01,0.4940850277264325,13.565957446808511,19.41489361702128,32.93617021276596,27.29950900163666,32.86609071274298,15.507082152974505,1.9026717557251909
2016-09-02,0.4663093415007657,6.670175438596491,20.61929824561404,27.275438596491227,27.646090534979425,23.60683760683761,11.791428571428572,1.4274447949526814
2016-09-03,0.405722891566265,5.669691470054446,18.087114337568057,23.74410163339383,23.05163043478261,17.577962577962577,10.13550135501355,0.8959627329192547
2016-09-04,0.440406976744186,7.956140350877193,16.396491228070175,24.37017543859649,13.823924731182796,12.860940695296524,7.983651226158038,0.9691358024691358
2016-09-05,0.6436281859070465,18.812844036697246,23.741284403669724,42.58348623853211,14.490593342981189,21.38095238095238,13.823699421965316,1.1585760517799353
2016-09-06,0.5939297124600639,16.315985130111525,22.230483271375466,38.5371747211896,26.39454806312769,27.43949044585987,14.847025495750708,1.233226837060703
2016-09-07,0.5280918727915195,12.766932270916335,23.780876494023904,36.5996015936255,35.41321044546851,33.90084388185654,18.309859154929576,2.124567474048443
2016-09-08,0.4624223602484472,13.866900175131349,19.865148861646237,33.70227670753065,26.93918918918919,38.29700854700855,16.74074074074074,1.7557803468208093
2016-09-09,0.5936790923824959,22.08440366972477,24.020183486238533,46.05871559633027,31.99185888738128,48.56623931623932,22.027932960893853,3.9697428139183057
2016-09-10,0.49712,15.682210708117443,21.6286701208981,37.31951640759931,35.28364116094987,49.0503144654088,22.28157894736842,4.472103004291846
2016-09-11,0.3492682926829268,3.4708994708994707,14.753086419753089,18.22045855379189,32.342555994729906,33.84549356223176,19.157894736842103,3.438136826783115
2016-09-12,0.4927175843694494,8.397286821705427,22.71511627906977,31.069767441860463,28.046376811594204,44.53794642857143,27.66216216216216,7.207006369426751
2016-09-13,0.6379373848987109,16.071428571428573,24.67460317460317,40.72619047619048,26.83937007874016,43.01656314699793,24.90374331550802,5.430213464696223
2016-09-14,0.4604430379746835,10.684391080617496,19.7958833619211,30.495711835334475,31.680216802168022,40.427104722792606,21.21108179419525,3.742897727272727
2016-09-15,0.3818493150684932,5.971479500891266,15.998217468805704,21.971479500891267,31.53803596127248,38.24215246636771,18.581460674157302,2.4582089552238804
2016-09-16,0.3402173913043478,2.4553903345724906,12.734200743494425,15.182156133828997,29.66574202496533,24.69887640449438,15.718390804597702,1.8584474885844748
2016-09-17,0.4462659380692167,7.929657794676806,15.950570342205324,23.874524714828897,29.287142857142857,27.30242825607064,17.292134831460675,2.28955223880597
2016-09-18,0.3553539019963702,4.151631477927063,12.637236084452976,16.806142034548945,31.145323741007196,18.624175824175826,10.81638418079096,1.2077727952167414
2016-09-19,0.4,9.596774193548388,14.7073732718894,24.3110599078341,24.92775041050903,24.61283185840708,10.78370786516854,1.8770343580470163
2016-09-20,0.4076086956521739,9.932405566600398,16.628230616302186,26.57455268389662,23.5,25.55764705882353,9.869186046511627,1.9099378881987576
2016-09-21,0.4810055865921788,12.481327800829876,18.568464730290454,31.033195020746888,17.968055555555555,20.25814536340852,8.188034188034187,1.2048
2016-09-22,0.472093023255814,9.642468239564428,21.313974591651544,30.927404718693285,27.24899057873486,27.548872180451127,13.469914040114611,2.658682634730539
2016-09-23,0.6598949211908932,14.107334525939176,28.123434704830053,42.25402504472272,24.63079019073569,34.845549738219894,19.11854103343465,3.570135746606335
2016-09-24,0.7094890510948905,15.091603053435117,27.16030534351145,42.23854961832061,33.82589928057554,35.83844011142061,26.43408360128617,3.548076923076923
2016-09-25,0.5607476635514018,8.510978043912175,19.97005988023952,28.45508982035928,31.545731707317078,34.489208633093526,24.628242074927957,6.66218487394958
2016-09-26,0.4986863711001642,11.0531914893617,18.45212765957447,29.48049645390071,21.201623815967523,23.127962085308056,14.29310344827586,3.051395007342144
2016-09-27,0.500650406504065,12.697986577181208,18.593959731543624,31.23825503355705,15.824966078697422,18.427884615384617,9.04179104477612,1.2002902757619738
2016-09-28,0.6446945337620579,16.208754208754208,23.003367003367003,39.22390572390572,13.46174863387978,16.666666666666668,10.33720930232558,1.2031700288184437
2016-09-29,0.5569256756756756,15.813675213675214,19.41196581196581,35.22905982905983,16.525377229080934,18.60487804878049,10.425149700598803,1.1512481644640236
2016-09-30,0.607181328545781,17.676056338028168,21.17781690140845,38.846830985915496,18.5812324929972,25.704433497536947,13.871875,1.31981981981982
2016-10-01,0.5470909090909091,15.72952380952381,19.44952380952381,35.15047619047619,24.975384615384616,29.957178841309823,16.833333333333332,1.511513157894737
2016-10-02,0.4930448222565687,12.108514190317194,16.163606010016693,28.27212020033389,25.307692307692307,27.58942065491184,16.592814371257486,1.9913294797687864
2016-10-03,0.6268867924528302,18.520408163265305,22.702380952380956,41.21428571428572,31.192,40.6640826873385,20.41139240506329,5.035661218424963
2016-10-04,0.6279264214046822,18.63943161634103,22.989342806394315,41.59857904085258,26.01502732240437,40.32631578947368,20.980456026058636,2.9560761346998534
2016-10-05,0.6309314586994728,25.688927943760984,21.30228471001757,46.98594024604569,21.767411300919843,38.09234828496042,14.665562913907284,1.8591549295774648
2016-10-06,0.5645756457564576,22.41044776119403,20.434701492537314,42.86194029850746,23.78095238095238,38.177718832891244,14.346153846153848,1.8293413173652693
2016-10-07,0.4544843049327354,15.89018691588785,18.042056074766357,33.904205607476634,27.306397306397308,40.35568513119534,18.20689655172414,3.9713774597495526
2016-10-08,0.274618320610687,5.613095238095238,12.15277777777778,17.767857142857142,23.626522327469555,22.68555240793201,8.118421052631579,1.0748502994011977
2016-10-09,0.3077898550724637,3.6571969696969697,12.920454545454543,16.589015151515152,25.052419354838708,10.239583333333334,5.145214521452146,0.6318926974664679
2016-10-10,0.3916349809885932,6.872255489021956,18.87824351297405,25.724550898203592,29.98459383753501,22.034666666666663,9.926666666666666,1.5162790697674418
2016-10-11,0.4273830155979203,7.503703703703704,19.46296296296296,26.95925925925926,26.716438356164385,31.40430622009569,15.245762711864408,2.903875968992248
2016-10-12,0.5244604316546763,14.0,22.04174573055029,36.01328273244782,22.55755894590846,37.07021791767554,18.242857142857144,10.17207792207792
2016-10-13,0.3969818913480885,9.77027027027027,15.936936936936936,25.70045045045045,26.41679873217116,26.07901234567901,8.683431952662723,1.0192982456140351
2016-10-14,0.5088379705400982,15.768248175182482,21.47992700729927,37.25,27.55994729907773,34.44671201814059,13.56910569105691,2.6102189781021896
2016-10-15,0.5115569823434992,19.183303085299457,22.457350272232304,41.618874773139744,29.443037974683545,42.30042016806723,22.01578947368421,11.664265129682995
2016-10-16,0.4923076923076923,12.68840579710145,19.31702898550725,32.03442028985507,30.478535353535356,33.511530398322854,17.29736842105263,5.579022988505747
2016-10-17,0.6763665594855306,21.766730401529635,27.281070745697896,49.03059273422562,30.101412066752246,44.28478260869565,24.850785340314136,6.085014409221902
2016-10-18,0.7209138840070298,31.65062761506276,28.52928870292887,60.16317991631799,24.908077994428968,45.76136363636363,22.497297297297298,7.064024390243903
2016-10-19,0.5971374045801526,26.41717791411043,25.05112474437628,51.49079754601227,27.053627760252365,43.494432071269486,19.57029177718833,13.646381578947368
2016-10-20,0.4508856682769726,14.664335664335663,18.48951048951049,33.18356643356643,24.825613079019075,38.64235294117647,16.104972375690608,2.386724386724387
2016-10-21,0.364274322169059,6.911190053285968,16.342806394316163,23.291296625222024,21.748031496062996,21.125570776255707,7.14245810055866,0.997179125528914
2016-10-22,0.3784283513097072,5.198214285714286,17.651785714285715,22.8375,23.65335051546392,20.40748898678414,8.391076115485564,1.21875
2016-10-23,0.4231366459627329,6.432481751824818,16.653284671532848,23.03102189781022,28.32591623036649,22.90114942528736,11.88695652173913,2.3260869565217392
2016-10-24,0.4215748031496063,10.045197740112997,18.529190207156308,28.563088512241052,25.50756533700137,32.0,14.88109756097561,11.003034901365703
2016-10-25,0.4622018348623853,13.16,19.145263157894732,32.311578947368425,26.529230769230768,32.10874704491726,13.233846153846152,1.9262435677530017
2016-10-26,0.4907790143084261,15.924098671726757,20.662239089184062,36.53700189753321,24.563858695652176,37.97857142857143,16.476923076923075,2.786135693215339
2016-10-27,0.3612641815235008,6.6,17.3,23.859615384615385,23.72554347826087,22.895522388059703,7.751633986928105,0.9010494752623688
2016-10-28,0.4749216300940438,14.41972920696325,22.404255319148938,36.80464216634429,20.05416116248349,29.47183098591549,10.71304347826087,1.0512445095168377
2016-10-29,0.3489197530864197,6.009487666034156,17.15370018975332,23.18785578747628,29.193971166448232,25.72261072261072,10.56857142857143,1.3204022988505748
2016-10-30,0.4046511627906977,6.156822810590631,17.75560081466395,23.90224032586558,26.632022471910112,25.780973451327437,13.94973544973545,1.8406015037593983
2016-10-31,0.6677103718199608,20.45933014354067,28.416267942583733,48.85167464114833,18.20408163265306,32.577726218097446,16.25626740947075,6.067001675041876
2016-11-01,0.7745571658615137,35.28,26.937391304347827,62.23304347826087,24.225260416666668,39.3882863340564,21.97050147492625,3.514880952380953
2016-11-02,0.5904024767801858,21.851170568561876,20.754180602006688,42.60200668896321,22.643037974683544,38.55301455301456,21.375661375661377,6.125904486251809
2016-11-03,0.5559006211180124,22.976109215017065,18.58361774744027,41.563139931740615,16.002551020408163,31.240938166311302,15.135593220338984,2.8221225710014948
2016-11-04,0.3760383386581469,10.598958333333334,16.897569444444443,27.49305555555556,15.098445595854924,22.26398210290828,7.889212827988338,1.446969696969697
2016-11-05,0.3617363344051447,7.008695652173913,16.801739130434783,23.857391304347825,18.377777777777776,22.28481012658228,9.137566137566138,1.7953890489913544
2016-11-06,0.4391534391534391,9.02988047808765,18.326693227091635,27.37649402390438,28.02173913043478,31.44918699186992,19.010526315789477,6.144674085850556
2016-11-07,0.6074015748031496,22.6113074204947,23.833922261484098,46.46643109540637,22.34916559691913,39.5553235908142,17.720547945205478,3.6330014224751066
2016-11-08,0.541518578352181,16.578207381370827,24.03866432337434,40.60456942003515,20.2078431372549,43.8051948051948,26.20555555555556,13.386724386724389
2016-11-09,0.5899513776337115,17.00177304964539,24.361702127659573,41.34929078014184,11.583220568335587,20.91414141414141,17.38888888888889,2.204644412191582
2016-11-10,0.6866115702479338,25.78860294117647,29.30698529411765,55.088235294117645,7.821011673151751,29.855745721271397,23.08383233532934,9.492603550295858
2016-11-11,0.756793893129771,27.12897822445561,29.80067001675042,56.93634840871022,8.171102661596958,49.54890219560878,37.67015706806283,8.89958734525447
2016-11-12,0.5254083484573503,11.703275529865126,22.77263969171484,34.47976878612717,18.739322533136967,24.21153846153846,15.55457227138643,1.8966666666666667
2016-11-13,0.6313504823151126,11.40033500837521,25.01005025125628,36.4070351758794,20.07310704960836,42.30334728033473,31.88579387186629,4.206015037593985
2016-11-14,0.6856677524429967,15.916521739130436,28.61391304347826,44.54782608695652,20.203166226912927,52.10845986984816,35.563380281690144,6.772093023255814
2016-11-15,0.5332220367278798,14.950909090909091,24.80909090909091,39.73090909090909,17.144986449864497,46.30833333333333,31.793871866295262,18.186830015313937
2016-11-16,0.9477386934673366,36.75,29.970890410958905,66.6917808219178,7.9559412550066755,28.794816414686824,19.33333333333333,1.8371385083713847
2016-11-17,1.2520795660036166,51.951672862453535,39.278810408921935,91.2007434944238,16.394993045897078,58.63636363636363,36.46458923512748,2.7436305732484074
2016-11-18,0.8488549618320611,32.895833333333336,25.116666666666667,58.047916666666666,24.34135338345865,52.55602536997886,32.081570996978854,5.527397260273973
2016-11-19,0.3628333333333333,5.141304347826087,18.065217391304348,23.157608695652176,22.00378787878788,20.570731707317076,11.338815789473683,1.1726190476190477
2016-11-20,0.374,5.431159420289855,16.371376811594203,21.81702898550725,24.623737373737374,15.743654822335026,7.756849315068493,1.3586309523809523
2016-11-21,0.6383050847457628,18.782527881040888,24.91078066914498,43.68401486988848,24.11621966794381,32.07093821510298,18.11549295774648,4.28657616892911
2016-11-22,0.8287319422150883,33.04823747680891,31.053803339517625,64.12059369202227,26.31880448318805,48.16559139784946,23.85828877005348,5.267543859649122
2016-11-23,0.7225806451612903,34.037848605577686,28.74701195219124,62.764940239043824,25.52523874488404,51.45859872611465,24.270491803278688,5.9609375
2016-11-24,0.6261101243339254,15.777292576419214,31.27292576419214,47.02620087336245,28.80844645550528,49.97245762711864,27.603448275862068,5.491319444444445
2016-11-25,0.6045871559633027,18.903345724907066,30.881040892193308,49.77137546468401,21.15629139072848,62.67573221757322,37.24867724867725,12.7444279346211
2016-11-26,0.5381395348837209,17.03448275862069,23.33938294010889,40.366606170598914,19.697522816166884,40.388777555110224,21.30628272251309,4.703597122302158
2016-11-27,0.7010903426791277,12.539019963702358,29.21415607985481,41.722323049001815,27.917232021709637,56.07835051546392,37.84722222222222,4.626453488372093
2016-11-28,0.908716323296355,37.6392523364486,30.671028037383177,68.33271028037383,22.62279511533243,50.63636363636363,20.86196319018405,2.2515060240963853
2016-11-29,0.8134551495016611,37.74187380497132,25.37667304015296,63.1395793499044,20.351550960118168,46.192129629629626,17.94984326018809,1.863275039745628
2016-11-30,0.9113970588235294,36.60373443983403,32.57053941908714,69.24273858921161,22.662280701754387,54.01781737193764,23.035947712418302,3.1989795918367347
2016-12-01,0.8235772357723578,30.52952755905512,28.923228346456693,59.48622047244095,23.573878627968337,48.09475806451613,20.30133333333333,2.073906485671192
2016-12-02,0.8991830065359477,34.00735294117647,31.079044117647054,65.0845588235294,20.03038309114927,53.036876355748376,21.25655976676385,1.8343373493975903
2016-12-03,0.7295795795795795,25.426421404682277,24.160535117056856,49.61204013377927,21.02224969097652,43.82051282051282,17.893982808022923,1.431372549019608
2016-12-04,0.4989409984871407,15.560067681895092,15.952622673434856,31.5668358714044,15.435323383084578,24.807359307359302,9.580459770114942,1.0832157968970382
2016-12-05,0.4355957767722473,16.513422818791945,14.258389261744966,30.75,14.105721393034823,24.535791757049893,6.308139534883721,1.0014025245441796
2016-12-06,0.8510752688172043,39.323412698412696,28.24206349206349,67.61111111111111,21.598746081504704,47.214452214452216,14.877076411960132,1.7004991680532446
2016-12-07,0.9148148148148147,40.131178707224336,30.771863117870723,70.89923954372624,20.127027027027022,56.437636761487965,19.119883040935672,2.3621460506706407
2016-12-08,0.8676783004552352,33.685436893203885,30.203883495145632,63.87184466019418,29.45501285347044,67.18415417558886,26.64245810055866,3.8773722627737226
2016-12-09,0.4560975609756098,8.587548638132295,18.420233463035014,27.005836575875488,16.51298701298701,33.77173913043478,13.258720930232558,3.48
2016-12-10,0.4809667673716012,11.507186858316222,18.862422997946613,30.36550308008213,17.797953964194374,28.6941431670282,12.546511627906977,3.058309037900875
2016-12-11,0.6,12.09368191721133,22.139433551198252,34.15468409586057,22.79597315436241,37.21638655462185,20.62674094707521,6.803328290468986
2016-12-12,0.801344537815126,22.270152505446625,28.176470588235293,50.4400871459695,29.61086637298091,47.85683760683761,25.19886363636364,5.282296650717703
2016-12-13,0.8208888888888889,27.72458410351201,35.170055452865064,62.89833641404806,30.311166875784192,58.18103448275862,26.179190751445088,6.885754583921016
2016-12-14,0.831424375917768,29.22318339100346,38.40311418685121,67.63840830449827,31.279542566709026,59.23348017621145,23.6864406779661,5.579320113314448
2016-12-15,0.6611436950146627,20.351687388987568,26.341030195381883,46.674955595026645,20.408060453400505,53.61678004535148,27.965714285714284,5.035460992907802
2016-12-16,0.9979502196193264,42.98418277680141,32.42706502636204,75.41476274165203,16.302325581395348,52.251612903225805,26.028818443804035,4.3441926345609065
2016-12-17,0.8917151162790697,34.312709030100336,28.245819397993312,62.53344481605351,21.14233128834356,46.62473794549266,22.6271186440678,2.140277777777778
2016-12-18,0.660876897133221,15.333969465648854,20.70801526717557,36.017175572519086,30.10354609929078,43.74545454545454,24.13157894736842,3.440809968847352
2016-12-19,0.5404379562043795,13.485617597292723,22.120135363790187,35.61082910321489,19.204968944099377,38.18737270875764,21.989276139410187,2.5605442176870747
2016-12-20,0.4998544395924308,16.438030560271645,19.755517826825127,36.16298811544991,18.78615574783684,32.43128964059196,13.423280423280424,6.183175033921303
2016-12-21,0.5955686853766617,22.19112627986348,25.906143344709896,48.07849829351536,21.70573566084788,40.06290672451193,18.285302593659942,8.575342465753424
2016-12-22,0.7198830409356726,35.8804920913884,29.43409490333919,65.33040421792619,20.614035087719294,53.27350427350427,22.429394812680115,14.066852367688025
2016-12-23,0.8445820433436533,32.28677839851024,35.20297951582868,67.45251396648045,24.639257294429708,65.96359743040685,29.956521739130437,14.078947368421051
2016-12-24,0.9977966101694916,29.48915187376726,36.32938856015779,65.84812623274162,37.190684133915575,66.46520874751491,33.4934036939314,4.082670906200318
2016-12-25,0.8725829725829726,14.532773109243696,28.20336134453781,42.78151260504202,36.16728167281673,78.44578313253012,48.28032345013477,3.254742547425474
2016-12-26,0.713589364844904,20.2419627749577,29.908629441624367,50.15059221658206,29.456009913258985,50.4003984063745,22.866141732283463,2.5752461322081577
2016-12-27,0.6550375939849624,19.836424957841484,29.086003372681283,48.92580101180438,26.34857849196539,55.91157894736842,27.187830687830687,6.8038147138964575
2016-12-28,0.5627272727272727,12.511904761904765,25.226190476190474,37.72789115646258,25.407779171894603,36.64079822616408,17.166666666666668,5.640449438202247
2016-12-29,0.4543613707165109,13.0375,19.1875,32.19642857142857,18.33241379310345,53.35,17.845070422535212,7.7185069984447905
2016-12-30,0.5311418685121108,11.432692307692308,20.986538461538466,32.425,19.150568181818183,29.065022421524663,12.46900269541779,3.251655629139073
2016-12-31,0.7539412673879443,21.026086956521738,23.93217391304348,44.97391304347826,26.83578431372549,43.90476190476191,21.539295392953928,4.849372384937238
